ACCOUNT_ID,CUSTOMER_ID,INIT_BALANCE,COUNTRY,ACCOUNT_TYPE,IS_SAR,BANK_ID,init_balance,start,end,region,business,bank_id
0,C_0,85155.14,US,I,true,bank,85155.13814402025,3,56,US,I,bank
1,C_1,88323.39,US,I,false,bank,88323.39161895808,3,56,US,I,bank
2,C_2,95242.96,US,I,true,bank,95242.96045496299,4,60,US,I,bank
3,C_3,86667.46,US,I,false,bank,86667.46269016294,2,56,US,I,bank
4,C_4,95927.94,US,I,true,bank,95927.94079834086,0,57,US,I,bank
5,C_5,98711.22,US,I,false,bank,98711.22431781287,3,58,US,I,bank
6,C_6,58414.89,US,I,false,bank,58414.889061062524,3,59,US,I,bank
7,C_7,66465.04,US,I,true,bank,66465.03759657314,4,59,US,I,bank
8,C_8,56219.02,US,I,true,bank,56219.02409055961,3,58,US,I,bank
9,C_9,81888.65,US,I,false,bank,81888.65274122624,1,58,US,I,bank
10,C_10,73172.21,US,I,false,bank,73172.20679583156,0,56,US,I,bank
11,C_11,78097.93,US,I,true,bank,78097.92519704651,0,58,US,I,bank
12,C_12,61138.48,US,I,true,bank,61138.481195181696,2,59,US,I,bank
13,C_13,92530.69,US,I,false,bank,92530.68609798029,0,58,US,I,bank
14,C_14,77855.68,US,I,false,bank,77855.67602429894,0,56,US,I,bank
15,C_15,66297.76,US,I,true,bank,66297.76063260248,4,58,US,I,bank
16,C_16,52133.78,US,I,false,bank,52133.77683539272,0,57,US,I,bank
17,C_17,69893.60,US,I,false,bank,69893.59658750072,3,59,US,I,bank
18,C_18,70840.71,US,I,true,bank,70840.7139294963,0,58,US,I,bank
19,C_19,50585.75,US,I,false,bank,50585.75237674776,2,56,US,I,bank
20,C_20,84519.59,US,I,false,bank,84519.58853814128,1,57,US,I,bank
21,C_21,84292.95,US,I,true,bank,84292.945991198,4,60,US,I,bank
22,C_22,60249.10,US,I,true,bank,60249.10128336416,3,58,US,I,bank
23,C_23,65470.91,US,I,true,bank,65470.9061281739,2,57,US,I,bank
24,C_24,75286.15,US,I,true,bank,75286.15371528058,4,59,US,I,bank
25,C_25,62794.42,US,I,true,bank,62794.42195036616,2,58,US,I,bank
26,C_26,68236.50,US,I,true,bank,68236.50396675609,4,60,US,I,bank
27,C_27,81775.71,US,I,false,bank,81775.70875451507,3,59,US,I,bank
28,C_28,96044.09,US,I,false,bank,96044.09189226056,0,57,US,I,bank
29,C_29,60294.35,US,I,false,bank,60294.35396025909,4,60,US,I,bank
30,C_30,77475.54,US,I,false,bank,77475.53839491481,1,60,US,I,bank
31,C_31,74498.12,US,I,false,bank,74498.12384673508,4,58,US,I,bank
32,C_32,99343.32,US,I,false,bank,99343.3156589985,4,58,US,I,bank
33,C_33,65962.10,US,I,false,bank,65962.1033868381,2,57,US,I,bank
34,C_34,55772.41,US,I,false,bank,55772.40913621926,0,56,US,I,bank
35,C_35,86286.02,US,I,false,bank,86286.01763947497,4,60,US,I,bank
36,C_36,90095.53,US,I,true,bank,90095.5302821489,0,57,US,I,bank
37,C_37,68240.80,US,I,true,bank,68240.79719443002,0,58,US,I,bank
38,C_38,72742.45,US,I,false,bank,72742.4515276519,0,59,US,I,bank
39,C_39,60868.46,US,I,true,bank,60868.46408333136,1,56,US,I,bank
40,C_40,58328.60,US,I,false,bank,58328.60189197434,2,57,US,I,bank
41,C_41,84716.15,US,I,true,bank,84716.14624058967,1,59,US,I,bank
42,C_42,77627.53,US,I,true,bank,77627.53179571975,1,58,US,I,bank
43,C_43,87694.97,US,I,true,bank,87694.96998474532,4,58,US,I,bank
44,C_44,83868.20,US,I,true,bank,83868.19661606732,3,57,US,I,bank
45,C_45,56522.60,US,I,false,bank,56522.6044003159,0,60,US,I,bank
46,C_46,82716.37,US,I,false,bank,82716.36741861104,4,60,US,I,bank
47,C_47,50940.74,US,I,false,bank,50940.74398729028,1,59,US,I,bank
48,C_48,51728.90,US,I,false,bank,51728.90166436277,2,58,US,I,bank
49,C_49,82083.34,US,I,true,bank,82083.34331837745,2,56,US,I,bank
50,C_50,97112.73,US,I,false,bank,97112.73372282351,4,59,US,I,bank
51,C_51,55005.68,US,I,true,bank,55005.68220656979,0,58,US,I,bank
52,C_52,66884.10,US,I,false,bank,66884.10098718882,2,57,US,I,bank
53,C_53,58618.40,US,I,false,bank,58618.39525168891,4,60,US,I,bank
54,C_54,73230.12,US,I,false,bank,73230.1247394752,4,58,US,I,bank
55,C_55,75846.29,US,I,true,bank,75846.2918898814,0,56,US,I,bank
56,C_56,94934.26,US,I,true,bank,94934.25545818856,1,58,US,I,bank
57,C_57,80460.62,US,I,true,bank,80460.62211052328,2,58,US,I,bank
58,C_58,91022.16,US,I,false,bank,91022.15716781557,0,58,US,I,bank
59,C_59,69899.40,US,I,false,bank,69899.40189945036,2,57,US,I,bank
60,C_60,99647.76,US,I,false,bank,99647.75641688344,4,56,US,I,bank
61,C_61,61064.74,US,I,false,bank,61064.7371245877,0,59,US,I,bank
62,C_62,79706.39,US,I,true,bank,79706.39197893596,2,56,US,I,bank
63,C_63,64092.92,US,I,true,bank,64092.9242614199,1,56,US,I,bank
64,C_64,65055.41,US,I,true,bank,65055.41196761989,3,58,US,I,bank
65,C_65,55466.61,US,I,false,bank,55466.61082854156,3,56,US,I,bank
66,C_66,51810.76,US,I,true,bank,51810.75839847025,2,59,US,I,bank
67,C_67,81947.84,US,I,true,bank,81947.8423825472,2,59,US,I,bank
68,C_68,67107.87,US,I,true,bank,67107.87195153449,2,58,US,I,bank
69,C_69,67401.17,US,I,false,bank,67401.17109578631,3,57,US,I,bank
70,C_70,69461.24,US,I,false,bank,69461.23590641705,4,59,US,I,bank
71,C_71,87073.23,US,I,true,bank,87073.2339865597,3,58,US,I,bank
72,C_72,90826.52,US,I,true,bank,90826.51992236722,0,57,US,I,bank
73,C_73,55115.06,US,I,true,bank,55115.061344329326,1,59,US,I,bank
74,C_74,97600.91,US,I,false,bank,97600.91336746044,3,58,US,I,bank
75,C_75,76292.24,US,I,true,bank,76292.23718292027,1,59,US,I,bank
76,C_76,62507.12,US,I,true,bank,62507.11829556969,1,58,US,I,bank
77,C_77,73949.95,US,I,true,bank,73949.95321980679,3,56,US,I,bank
78,C_78,96777.53,US,I,true,bank,96777.53462449086,2,59,US,I,bank
79,C_79,71796.68,US,I,true,bank,71796.67729263559,3,57,US,I,bank
80,C_80,79814.10,US,I,false,bank,79814.10363418821,3,57,US,I,bank
81,C_81,64960.77,US,I,false,bank,64960.76692556018,3,56,US,I,bank
82,C_82,95486.33,US,I,false,bank,95486.32592930956,2,57,US,I,bank
83,C_83,86352.61,US,I,false,bank,86352.6094108743,2,59,US,I,bank
84,C_84,61374.79,US,I,false,bank,61374.792282797964,2,60,US,I,bank
85,C_85,56768.01,US,I,false,bank,56768.00768891076,1,56,US,I,bank
86,C_86,79175.50,US,I,true,bank,79175.50251024429,2,60,US,I,bank
87,C_87,99960.78,US,I,true,bank,99960.7780673936,1,58,US,I,bank
88,C_88,95769.81,US,I,false,bank,95769.81300552821,2,59,US,I,bank
89,C_89,66609.09,US,I,false,bank,66609.09467913878,0,60,US,I,bank
90,C_90,51103.07,US,I,false,bank,51103.06796334736,1,56,US,I,bank
91,C_91,60761.97,US,I,true,bank,60761.96728911882,1,57,US,I,bank
92,C_92,60932.37,US,I,true,bank,60932.368934091435,4,58,US,I,bank
93,C_93,61601.04,US,I,false,bank,61601.03649296001,1,60,US,I,bank
94,C_94,74241.51,US,I,true,bank,74241.5110380842,3,57,US,I,bank
95,C_95,90569.97,US,I,true,bank,90569.97048047878,3,57,US,I,bank
96,C_96,81527.81,US,I,true,bank,81527.80689953911,2,58,US,I,bank
97,C_97,77694.35,US,I,true,bank,77694.3487335746,0,59,US,I,bank
98,C_98,56155.49,US,I,true,bank,56155.49484534975,3,57,US,I,bank
99,C_99,87444.63,US,I,true,bank,87444.63456399021,4,59,US,I,bank
100,C_100,81151.13,US,I,true,bank,81151.12827781103,4,56,US,I,bank
101,C_101,88835.05,US,I,false,bank,88835.05236151381,0,58,US,I,bank
102,C_102,89423.59,US,I,false,bank,89423.59209985967,4,59,US,I,bank
103,C_103,98818.35,US,I,true,bank,98818.35262986562,1,60,US,I,bank
104,C_104,80526.41,US,I,true,bank,80526.40500237941,3,59,US,I,bank
105,C_105,93767.13,US,I,true,bank,93767.12959306416,4,59,US,I,bank
106,C_106,65357.00,US,I,false,bank,65357.002659289654,4,58,US,I,bank
107,C_107,88130.94,US,I,true,bank,88130.94248893259,0,58,US,I,bank
108,C_108,71204.21,US,I,true,bank,71204.20807056934,0,60,US,I,bank
109,C_109,69905.72,US,I,true,bank,69905.72048550757,0,57,US,I,bank
110,C_110,96014.64,US,I,false,bank,96014.63962255509,1,60,US,I,bank
111,C_111,89656.81,US,I,false,bank,89656.81483351244,3,58,US,I,bank
112,C_112,89280.98,US,I,false,bank,89280.98387114255,1,59,US,I,bank
113,C_113,63751.74,US,I,false,bank,63751.7442169778,2,60,US,I,bank
114,C_114,92546.32,US,I,false,bank,92546.32340796772,4,59,US,I,bank
115,C_115,97325.39,US,I,false,bank,97325.39457974929,1,56,US,I,bank
116,C_116,61332.31,US,I,false,bank,61332.31148727141,2,59,US,I,bank
117,C_117,97132.50,US,I,true,bank,97132.49752701701,3,58,US,I,bank
118,C_118,52913.41,US,I,false,bank,52913.40813702426,2,57,US,I,bank
119,C_119,73575.17,US,I,false,bank,73575.16672169963,0,57,US,I,bank
120,C_120,77730.06,US,I,false,bank,77730.06115445052,4,60,US,I,bank
121,C_121,53872.11,US,I,true,bank,53872.11410687018,2,56,US,I,bank
122,C_122,86351.29,US,I,true,bank,86351.29308667316,2,58,US,I,bank
123,C_123,52898.68,US,I,false,bank,52898.684435319556,3,58,US,I,bank
124,C_124,73774.92,US,I,true,bank,73774.91763790476,3,57,US,I,bank
125,C_125,50317.01,US,I,false,bank,50317.012250683474,2,56,US,I,bank
126,C_126,56980.21,US,I,false,bank,56980.21268477923,3,60,US,I,bank
127,C_127,61837.01,US,I,true,bank,61837.008221035554,1,57,US,I,bank
128,C_128,73479.86,US,I,false,bank,73479.86425412621,3,56,US,I,bank
129,C_129,66612.61,US,I,true,bank,66612.606407101,4,56,US,I,bank
130,C_130,88149.30,US,I,true,bank,88149.30454009539,4,59,US,I,bank
131,C_131,59108.56,US,I,false,bank,59108.56364501162,2,57,US,I,bank
132,C_132,92174.87,US,I,false,bank,92174.86774622687,1,58,US,I,bank
133,C_133,78535.73,US,I,false,bank,78535.73182495957,3,60,US,I,bank
134,C_134,50043.85,US,I,false,bank,50043.84606710096,2,59,US,I,bank
135,C_135,68588.46,US,I,false,bank,68588.45501991978,1,57,US,I,bank
136,C_136,62721.41,US,I,true,bank,62721.411555364684,1,56,US,I,bank
137,C_137,53773.01,US,I,false,bank,53773.01078694005,2,59,US,I,bank
138,C_138,76799.44,US,I,false,bank,76799.43810590291,4,56,US,I,bank
139,C_139,61538.80,US,I,false,bank,61538.80335974931,0,57,US,I,bank
140,C_140,92768.38,US,I,false,bank,92768.37508379066,1,59,US,I,bank
141,C_141,84761.32,US,I,false,bank,84761.31693510119,4,58,US,I,bank
142,C_142,75556.82,US,I,false,bank,75556.81905950172,3,58,US,I,bank
143,C_143,56174.98,US,I,true,bank,56174.97727916196,3,60,US,I,bank
144,C_144,58748.59,US,I,false,bank,58748.5934043653,0,59,US,I,bank
145,C_145,74094.89,US,I,true,bank,74094.89063750193,3,59,US,I,bank
146,C_146,90006.43,US,I,false,bank,90006.432392056,0,57,US,I,bank
147,C_147,56901.37,US,I,true,bank,56901.36867327222,1,60,US,I,bank
148,C_148,57889.84,US,I,false,bank,57889.84028608092,4,56,US,I,bank
149,C_149,53748.84,US,I,false,bank,53748.84272772049,2,60,US,I,bank
150,C_150,94888.01,US,I,false,bank,94888.00706197188,1,60,US,I,bank
151,C_151,62603.41,US,I,true,bank,62603.41035678661,3,59,US,I,bank
152,C_152,80397.70,US,I,false,bank,80397.6986496052,4,57,US,I,bank
153,C_153,91889.04,US,I,false,bank,91889.03801776304,4,59,US,I,bank
154,C_154,96868.30,US,I,true,bank,96868.30370793551,3,57,US,I,bank
155,C_155,98513.95,US,I,false,bank,98513.95341350648,4,56,US,I,bank
156,C_156,78046.74,US,I,true,bank,78046.74475521229,3,58,US,I,bank
157,C_157,61420.54,US,I,true,bank,61420.54226106531,1,56,US,I,bank
158,C_158,84600.05,US,I,true,bank,84600.0494971801,3,59,US,I,bank
159,C_159,90850.42,US,I,true,bank,90850.42239816759,3,57,US,I,bank
160,C_160,72924.52,US,I,false,bank,72924.51546271649,0,57,US,I,bank
161,C_161,81256.76,US,I,false,bank,81256.75905876482,1,56,US,I,bank
162,C_162,62190.05,US,I,true,bank,62190.047887728186,2,60,US,I,bank
163,C_163,94072.99,US,I,false,bank,94072.9896113968,3,56,US,I,bank
164,C_164,87818.05,US,I,false,bank,87818.0502400425,3,59,US,I,bank
165,C_165,88984.14,US,I,false,bank,88984.13906861607,1,60,US,I,bank
166,C_166,89474.23,US,I,false,bank,89474.22718709495,2,56,US,I,bank
167,C_167,86474.83,US,I,false,bank,86474.83256951452,1,57,US,I,bank
168,C_168,71268.86,US,I,false,bank,71268.85563227927,0,59,US,I,bank
169,C_169,70119.03,US,I,false,bank,70119.03437096221,2,60,US,I,bank
170,C_170,99968.74,US,I,false,bank,99968.73959890677,1,58,US,I,bank
171,C_171,67231.29,US,I,true,bank,67231.28797972135,4,59,US,I,bank
172,C_172,85479.93,US,I,false,bank,85479.92917684547,3,58,US,I,bank
173,C_173,51920.97,US,I,false,bank,51920.9663020073,4,60,US,I,bank
174,C_174,63289.45,US,I,false,bank,63289.445919489015,0,58,US,I,bank
175,C_175,71397.06,US,I,false,bank,71397.05952367143,2,57,US,I,bank
176,C_176,79877.60,US,I,false,bank,79877.60438460746,3,59,US,I,bank
177,C_177,67600.52,US,I,true,bank,67600.51577636552,1,57,US,I,bank
178,C_178,82426.09,US,I,false,bank,82426.09222519078,0,57,US,I,bank
179,C_179,50921.88,US,I,false,bank,50921.88070431022,1,59,US,I,bank
180,C_180,53359.83,US,I,false,bank,53359.834658473235,2,59,US,I,bank
181,C_181,72885.99,US,I,true,bank,72885.99122678749,4,59,US,I,bank
182,C_182,67536.30,US,I,true,bank,67536.29825130856,0,58,US,I,bank
183,C_183,57446.38,US,I,true,bank,57446.38482436437,4,59,US,I,bank
184,C_184,91302.72,US,I,false,bank,91302.71843649202,0,57,US,I,bank
185,C_185,56970.56,US,I,false,bank,56970.55879498873,1,56,US,I,bank
186,C_186,88169.12,US,I,true,bank,88169.11710533558,1,56,US,I,bank
187,C_187,87573.86,US,I,false,bank,87573.86283642688,3,60,US,I,bank
188,C_188,90385.12,US,I,false,bank,90385.12209466049,2,58,US,I,bank
189,C_189,87939.40,US,I,true,bank,87939.39877148035,2,59,US,I,bank
190,C_190,82143.27,US,I,true,bank,82143.27417491892,3,56,US,I,bank
191,C_191,68314.47,US,I,false,bank,68314.46615146677,2,57,US,I,bank
192,C_192,52028.02,US,I,false,bank,52028.015793620056,3,59,US,I,bank
193,C_193,61651.39,US,I,true,bank,61651.385760719,0,57,US,I,bank
194,C_194,68667.49,US,I,false,bank,68667.49047001306,0,59,US,I,bank
195,C_195,72143.00,US,I,true,bank,72142.99852719609,1,56,US,I,bank
196,C_196,94211.38,US,I,false,bank,94211.38246342237,0,59,US,I,bank
197,C_197,95578.58,US,I,false,bank,95578.58250116617,1,60,US,I,bank
198,C_198,73579.64,US,I,false,bank,73579.64244577294,3,58,US,I,bank
199,C_199,75862.33,US,I,false,bank,75862.3348712143,4,57,US,I,bank
200,C_200,55898.15,US,I,false,bank,55898.15083168238,0,57,US,I,bank
201,C_201,95497.73,US,I,false,bank,95497.73207127817,1,58,US,I,bank
202,C_202,56304.30,US,I,false,bank,56304.29747580351,0,57,US,I,bank
203,C_203,84856.34,US,I,false,bank,84856.33598393168,4,56,US,I,bank
204,C_204,84780.62,US,I,true,bank,84780.61804610468,4,60,US,I,bank
205,C_205,50164.87,US,I,false,bank,50164.870865955156,3,58,US,I,bank
206,C_206,55878.54,US,I,true,bank,55878.53502098485,4,60,US,I,bank
207,C_207,96677.74,US,I,false,bank,96677.74041817445,3,57,US,I,bank
208,C_208,95342.39,US,I,true,bank,95342.3887495786,4,60,US,I,bank
209,C_209,63075.87,US,I,false,bank,63075.86943481241,2,60,US,I,bank
210,C_210,86675.79,US,I,true,bank,86675.79200246293,3,56,US,I,bank
211,C_211,66467.70,US,I,false,bank,66467.69592575054,1,57,US,I,bank
212,C_212,82582.14,US,I,true,bank,82582.1380775196,1,56,US,I,bank
213,C_213,56104.89,US,I,false,bank,56104.88965878385,4,60,US,I,bank
214,C_214,75344.58,US,I,false,bank,75344.58220813915,3,56,US,I,bank
215,C_215,51199.47,US,I,true,bank,51199.474586285956,4,57,US,I,bank
216,C_216,61390.91,US,I,false,bank,61390.91418532863,1,58,US,I,bank
217,C_217,51967.58,US,I,false,bank,51967.58160114612,2,60,US,I,bank
218,C_218,61643.02,US,I,false,bank,61643.0178213129,0,60,US,I,bank
219,C_219,56106.95,US,I,false,bank,56106.94933050549,0,58,US,I,bank
220,C_220,56570.21,US,I,false,bank,56570.20659117215,0,57,US,I,bank
221,C_221,59438.02,US,I,true,bank,59438.015743492906,2,60,US,I,bank
222,C_222,66629.61,US,I,false,bank,66629.60889692197,4,59,US,I,bank
223,C_223,96765.31,US,I,false,bank,96765.30991409173,3,57,US,I,bank
224,C_224,71120.85,US,I,false,bank,71120.85134731105,0,58,US,I,bank
225,C_225,98388.70,US,I,false,bank,98388.70159964563,2,59,US,I,bank
226,C_226,72083.98,US,I,false,bank,72083.98473750436,3,60,US,I,bank
227,C_227,92432.49,US,I,false,bank,92432.48701816984,1,57,US,I,bank
228,C_228,87216.40,US,I,false,bank,87216.39913902164,4,56,US,I,bank
229,C_229,80532.24,US,I,false,bank,80532.23684093688,2,57,US,I,bank
230,C_230,62674.51,US,I,true,bank,62674.51410453262,4,57,US,I,bank
231,C_231,62481.82,US,I,false,bank,62481.81818233056,1,58,US,I,bank
232,C_232,89769.80,US,I,true,bank,89769.8026668532,1,57,US,I,bank
233,C_233,70986.16,US,I,false,bank,70986.16024149249,3,58,US,I,bank
234,C_234,52862.67,US,I,false,bank,52862.67111224956,1,60,US,I,bank
235,C_235,55913.82,US,I,false,bank,55913.822081996586,2,58,US,I,bank
236,C_236,92000.00,US,I,false,bank,92000.00008118348,4,56,US,I,bank
237,C_237,64811.29,US,I,true,bank,64811.2904948551,2,57,US,I,bank
238,C_238,92392.48,US,I,true,bank,92392.48278070634,0,58,US,I,bank
239,C_239,83574.75,US,I,false,bank,83574.74788766928,4,60,US,I,bank
240,C_240,94342.74,US,I,false,bank,94342.74039748957,3,56,US,I,bank
241,C_241,84258.79,US,I,false,bank,84258.78981196233,2,58,US,I,bank
242,C_242,59068.38,US,I,false,bank,59068.38158373344,2,58,US,I,bank
243,C_243,76349.59,US,I,false,bank,76349.59290925431,4,57,US,I,bank
244,C_244,62545.94,US,I,false,bank,62545.942648620985,0,56,US,I,bank
245,C_245,77787.04,US,I,false,bank,77787.04069019575,1,60,US,I,bank
246,C_246,74719.91,US,I,false,bank,74719.90909782935,4,56,US,I,bank
247,C_247,57265.68,US,I,false,bank,57265.683617776434,4,60,US,I,bank
248,C_248,80828.96,US,I,false,bank,80828.96473344413,0,58,US,I,bank
249,C_249,62433.34,US,I,true,bank,62433.340612760076,0,58,US,I,bank
250,C_250,92069.94,US,I,false,bank,92069.93703934402,1,59,US,I,bank
251,C_251,70064.12,US,I,true,bank,70064.11646050097,1,56,US,I,bank
252,C_252,67857.56,US,I,false,bank,67857.55992735607,0,59,US,I,bank
253,C_253,68168.85,US,I,false,bank,68168.852015942,2,56,US,I,bank
254,C_254,70840.00,US,I,true,bank,70840.00020596308,0,56,US,I,bank
255,C_255,55735.05,US,I,false,bank,55735.0518282447,0,58,US,I,bank
256,C_256,78645.80,US,I,false,bank,78645.79794467113,0,57,US,I,bank
257,C_257,64771.90,US,I,true,bank,64771.90283861934,3,59,US,I,bank
258,C_258,91126.37,US,I,true,bank,91126.37359548078,4,58,US,I,bank
259,C_259,88711.35,US,I,false,bank,88711.35309111458,0,60,US,I,bank
260,C_260,55842.18,US,I,false,bank,55842.17640831919,3,59,US,I,bank
261,C_261,77600.60,US,I,false,bank,77600.60323343101,4,58,US,I,bank
262,C_262,55557.57,US,I,false,bank,55557.574404249615,3,58,US,I,bank
263,C_263,60689.03,US,I,false,bank,60689.03387037139,4,56,US,I,bank
264,C_264,71644.98,US,I,false,bank,71644.98238748458,2,57,US,I,bank
265,C_265,67923.43,US,I,false,bank,67923.42999728385,2,59,US,I,bank
266,C_266,80425.14,US,I,true,bank,80425.13779866794,0,58,US,I,bank
267,C_267,82311.45,US,I,false,bank,82311.44888731276,4,58,US,I,bank
268,C_268,79183.16,US,I,true,bank,79183.16100923035,3,59,US,I,bank
269,C_269,82252.93,US,I,true,bank,82252.93352821725,4,58,US,I,bank
270,C_270,60783.17,US,I,false,bank,60783.173658587766,2,57,US,I,bank
271,C_271,98475.26,US,I,false,bank,98475.25593854269,4,60,US,I,bank
272,C_272,94406.52,US,I,true,bank,94406.52154023535,0,57,US,I,bank
273,C_273,69710.32,US,I,false,bank,69710.31823200734,1,58,US,I,bank
274,C_274,76219.22,US,I,false,bank,76219.223114361,3,58,US,I,bank
275,C_275,57708.57,US,I,false,bank,57708.565455622185,0,56,US,I,bank
276,C_276,58610.51,US,I,false,bank,58610.508843661606,3,59,US,I,bank
277,C_277,87815.26,US,I,false,bank,87815.26037934022,2,58,US,I,bank
278,C_278,55345.78,US,I,false,bank,55345.77547120409,1,56,US,I,bank
279,C_279,51898.91,US,I,true,bank,51898.91322631135,3,57,US,I,bank
280,C_280,74834.47,US,I,false,bank,74834.46512808444,4,57,US,I,bank
281,C_281,95749.85,US,I,true,bank,95749.85456513651,1,56,US,I,bank
282,C_282,66814.73,US,I,false,bank,66814.72678803075,3,58,US,I,bank
283,C_283,81210.98,US,I,true,bank,81210.98054015577,0,57,US,I,bank
284,C_284,72532.37,US,I,true,bank,72532.3714450631,1,56,US,I,bank
285,C_285,91027.09,US,I,false,bank,91027.08622304923,1,56,US,I,bank
286,C_286,69954.81,US,I,false,bank,69954.80782635827,3,57,US,I,bank
287,C_287,89506.42,US,I,true,bank,89506.4238221905,1,60,US,I,bank
288,C_288,82433.02,US,I,true,bank,82433.02481861434,4,58,US,I,bank
289,C_289,61811.94,US,I,false,bank,61811.93962851566,1,58,US,I,bank
290,C_290,93822.38,US,I,true,bank,93822.37990905214,3,59,US,I,bank
291,C_291,97678.35,US,I,true,bank,97678.3540912215,4,59,US,I,bank
292,C_292,87474.28,US,I,false,bank,87474.2785979316,3,56,US,I,bank
293,C_293,80448.59,US,I,false,bank,80448.59301644022,2,56,US,I,bank
294,C_294,52946.57,US,I,true,bank,52946.57339584764,2,60,US,I,bank
295,C_295,58059.92,US,I,true,bank,58059.916130035046,4,57,US,I,bank
296,C_296,78663.80,US,I,true,bank,78663.79699301436,3,58,US,I,bank
297,C_297,91253.86,US,I,false,bank,91253.85502683828,1,57,US,I,bank
298,C_298,82591.93,US,I,false,bank,82591.93455674115,1,56,US,I,bank
299,C_299,61076.79,US,I,false,bank,61076.79095896555,0,58,US,I,bank
300,C_300,65109.17,US,I,true,bank,65109.172176615655,4,57,US,I,bank
301,C_301,93968.43,US,I,false,bank,93968.43028591308,3,60,US,I,bank
302,C_302,50021.07,US,I,true,bank,50021.071160092884,2,57,US,I,bank
303,C_303,70675.86,US,I,false,bank,70675.85608479318,3,56,US,I,bank
304,C_304,99600.42,US,I,false,bank,99600.41658711019,0,57,US,I,bank
305,C_305,87051.23,US,I,false,bank,87051.23451366858,2,59,US,I,bank
306,C_306,58795.42,US,I,true,bank,58795.41632970208,4,59,US,I,bank
307,C_307,84754.50,US,I,true,bank,84754.50396220534,3,57,US,I,bank
308,C_308,94941.20,US,I,false,bank,94941.19987219415,1,58,US,I,bank
309,C_309,68222.41,US,I,false,bank,68222.40655457419,4,57,US,I,bank
310,C_310,97180.60,US,I,false,bank,97180.60209797852,4,56,US,I,bank
311,C_311,87385.70,US,I,false,bank,87385.70158752192,4,57,US,I,bank
312,C_312,95112.63,US,I,true,bank,95112.62778576945,4,60,US,I,bank
313,C_313,52736.68,US,I,false,bank,52736.678592117496,4,56,US,I,bank
314,C_314,74346.74,US,I,false,bank,74346.74381665619,4,58,US,I,bank
315,C_315,61590.05,US,I,false,bank,61590.04888332405,0,60,US,I,bank
316,C_316,60238.21,US,I,true,bank,60238.211001900956,3,58,US,I,bank
317,C_317,88595.41,US,I,true,bank,88595.40903184604,1,56,US,I,bank
318,C_318,62849.30,US,I,false,bank,62849.29550380371,1,58,US,I,bank
319,C_319,81356.81,US,I,true,bank,81356.80596069913,0,56,US,I,bank
320,C_320,79116.31,US,I,false,bank,79116.31129688749,0,56,US,I,bank
321,C_321,94188.02,US,I,false,bank,94188.01817528746,1,59,US,I,bank
322,C_322,85703.08,US,I,true,bank,85703.08205318009,4,56,US,I,bank
323,C_323,59665.70,US,I,false,bank,59665.70319247566,3,59,US,I,bank
324,C_324,94823.00,US,I,true,bank,94823.00145668985,3,59,US,I,bank
325,C_325,51635.23,US,I,false,bank,51635.230325007156,2,59,US,I,bank
326,C_326,50817.37,US,I,false,bank,50817.37078548884,3,58,US,I,bank
327,C_327,68999.07,US,I,false,bank,68999.07007510326,0,60,US,I,bank
328,C_328,50387.77,US,I,true,bank,50387.7745009133,4,56,US,I,bank
329,C_329,72771.59,US,I,false,bank,72771.58602637942,1,58,US,I,bank
330,C_330,95898.29,US,I,false,bank,95898.29356704517,1,60,US,I,bank
331,C_331,75284.12,US,I,true,bank,75284.12169042433,3,57,US,I,bank
332,C_332,69545.97,US,I,true,bank,69545.97077411436,1,57,US,I,bank
333,C_333,65262.17,US,I,false,bank,65262.17224823716,4,59,US,I,bank
334,C_334,79746.69,US,I,false,bank,79746.6877729942,1,56,US,I,bank
335,C_335,77693.07,US,I,false,bank,77693.07408520456,0,58,US,I,bank
336,C_336,54169.73,US,I,false,bank,54169.72555086598,2,57,US,I,bank
337,C_337,94875.66,US,I,true,bank,94875.65555348451,4,59,US,I,bank
338,C_338,59809.66,US,I,false,bank,59809.6556029754,0,58,US,I,bank
339,C_339,50893.28,US,I,false,bank,50893.27897795289,3,59,US,I,bank
340,C_340,89655.72,US,I,true,bank,89655.71800483017,1,60,US,I,bank
341,C_341,75031.50,US,I,false,bank,75031.50009037954,3,60,US,I,bank
342,C_342,52528.74,US,I,false,bank,52528.73925465309,0,59,US,I,bank
343,C_343,51766.29,US,I,true,bank,51766.291204160145,3,57,US,I,bank
344,C_344,79414.07,US,I,true,bank,79414.07452162844,3,58,US,I,bank
345,C_345,83849.06,US,I,false,bank,83849.06316900981,2,57,US,I,bank
346,C_346,53561.76,US,I,true,bank,53561.76266104249,3,56,US,I,bank
347,C_347,58505.07,US,I,true,bank,58505.06791246863,0,58,US,I,bank
348,C_348,93826.61,US,I,true,bank,93826.61125826306,0,58,US,I,bank
349,C_349,76126.63,US,I,false,bank,76126.62597101484,4,60,US,I,bank
350,C_350,66412.58,US,I,true,bank,66412.58308190452,0,57,US,I,bank
351,C_351,68635.13,US,I,true,bank,68635.13251032998,2,59,US,I,bank
352,C_352,57364.57,US,I,false,bank,57364.57306643753,2,56,US,I,bank
353,C_353,73696.44,US,I,false,bank,73696.44274976061,1,57,US,I,bank
354,C_354,97749.69,US,I,true,bank,97749.6859442243,1,56,US,I,bank
355,C_355,81273.78,US,I,false,bank,81273.78025081148,3,56,US,I,bank
356,C_356,63138.59,US,I,true,bank,63138.587253451624,0,57,US,I,bank
357,C_357,88098.91,US,I,true,bank,88098.914340826,2,58,US,I,bank
358,C_358,76947.81,US,I,false,bank,76947.81439626242,2,56,US,I,bank
359,C_359,66609.14,US,I,true,bank,66609.14110271272,3,57,US,I,bank
360,C_360,93645.89,US,I,true,bank,93645.887632555,0,56,US,I,bank
361,C_361,95758.66,US,I,true,bank,95758.6608759647,1,56,US,I,bank
362,C_362,95977.41,US,I,false,bank,95977.41327511605,3,59,US,I,bank
363,C_363,70365.75,US,I,false,bank,70365.74787503638,2,59,US,I,bank
364,C_364,56397.72,US,I,false,bank,56397.72278182797,1,57,US,I,bank
365,C_365,94484.95,US,I,false,bank,94484.95460464731,2,58,US,I,bank
366,C_366,55301.20,US,I,false,bank,55301.20384253902,3,59,US,I,bank
367,C_367,98190.86,US,I,false,bank,98190.8563113451,2,56,US,I,bank
368,C_368,80659.59,US,I,true,bank,80659.59008104465,3,57,US,I,bank
369,C_369,72665.71,US,I,false,bank,72665.71124857289,4,56,US,I,bank
370,C_370,63511.19,US,I,true,bank,63511.19042986119,3,59,US,I,bank
371,C_371,53613.38,US,I,true,bank,53613.37652391436,2,56,US,I,bank
372,C_372,85843.77,US,I,false,bank,85843.77014776075,4,56,US,I,bank
373,C_373,97588.71,US,I,true,bank,97588.70616275654,4,58,US,I,bank
374,C_374,93640.06,US,I,false,bank,93640.05535322726,3,60,US,I,bank
375,C_375,77248.35,US,I,false,bank,77248.35193573583,2,57,US,I,bank
376,C_376,69943.88,US,I,true,bank,69943.87827998996,4,57,US,I,bank
377,C_377,98570.36,US,I,false,bank,98570.35677893388,0,60,US,I,bank
378,C_378,83850.55,US,I,true,bank,83850.55154459292,4,58,US,I,bank
379,C_379,87492.98,US,I,false,bank,87492.98229218903,4,58,US,I,bank
380,C_380,97916.39,US,I,false,bank,97916.39429574239,3,59,US,I,bank
381,C_381,94912.48,US,I,false,bank,94912.48322958619,2,56,US,I,bank
382,C_382,56151.47,US,I,true,bank,56151.47405077507,2,56,US,I,bank
383,C_383,52636.90,US,I,true,bank,52636.900663752436,1,58,US,I,bank
384,C_384,82756.62,US,I,true,bank,82756.61981300364,2,58,US,I,bank
385,C_385,91298.55,US,I,false,bank,91298.5489918703,1,57,US,I,bank
386,C_386,81117.69,US,I,false,bank,81117.68862346979,2,59,US,I,bank
387,C_387,61390.48,US,I,true,bank,61390.47860889402,4,56,US,I,bank
388,C_388,52114.37,US,I,false,bank,52114.373190244594,0,56,US,I,bank
389,C_389,78064.11,US,I,false,bank,78064.10527563184,0,56,US,I,bank
390,C_390,77941.00,US,I,false,bank,77940.9957816397,2,60,US,I,bank
391,C_391,50720.44,US,I,false,bank,50720.44480263131,4,60,US,I,bank
392,C_392,81142.70,US,I,false,bank,81142.70376704726,3,56,US,I,bank
393,C_393,65697.14,US,I,false,bank,65697.13854699308,2,59,US,I,bank
394,C_394,65521.70,US,I,true,bank,65521.695752616855,2,57,US,I,bank
395,C_395,57729.27,US,I,true,bank,57729.2652898727,0,56,US,I,bank
396,C_396,82229.53,US,I,false,bank,82229.52819202925,3,59,US,I,bank
397,C_397,64778.20,US,I,false,bank,64778.196811003305,4,59,US,I,bank
398,C_398,94569.37,US,I,true,bank,94569.36814970925,3,56,US,I,bank
399,C_399,68408.53,US,I,false,bank,68408.53125501741,3,58,US,I,bank
400,C_400,93238.56,US,I,false,bank,93238.56191936485,4,58,US,I,bank
401,C_401,60771.27,US,I,false,bank,60771.274205796944,0,57,US,I,bank
402,C_402,59374.51,US,I,false,bank,59374.51092622406,2,56,US,I,bank
403,C_403,88159.97,US,I,false,bank,88159.97090752922,2,57,US,I,bank
404,C_404,85418.56,US,I,false,bank,85418.56276176774,1,59,US,I,bank
405,C_405,57861.58,US,I,false,bank,57861.58254693066,0,56,US,I,bank
406,C_406,54225.03,US,I,false,bank,54225.026726097305,1,60,US,I,bank
407,C_407,74277.01,US,I,true,bank,74277.01389647932,3,56,US,I,bank
408,C_408,83920.86,US,I,false,bank,83920.85891205684,3,60,US,I,bank
409,C_409,56299.54,US,I,false,bank,56299.54224439297,1,59,US,I,bank
410,C_410,87543.51,US,I,true,bank,87543.5087788589,3,59,US,I,bank
411,C_411,61056.41,US,I,false,bank,61056.41395740808,1,57,US,I,bank
412,C_412,53638.22,US,I,false,bank,53638.22009439517,4,60,US,I,bank
413,C_413,85594.32,US,I,false,bank,85594.31761340678,4,59,US,I,bank
414,C_414,66450.00,US,I,true,bank,66449.99526795959,3,56,US,I,bank
415,C_415,51580.61,US,I,false,bank,51580.60792736859,4,58,US,I,bank
416,C_416,54191.41,US,I,false,bank,54191.40982733341,4,59,US,I,bank
417,C_417,93372.20,US,I,false,bank,93372.19937198599,0,56,US,I,bank
418,C_418,83263.76,US,I,false,bank,83263.75704746376,3,60,US,I,bank
419,C_419,77523.43,US,I,false,bank,77523.42572488601,3,56,US,I,bank
420,C_420,51235.22,US,I,false,bank,51235.219168060845,4,56,US,I,bank
421,C_421,62258.09,US,I,false,bank,62258.09413291981,0,60,US,I,bank
422,C_422,70848.79,US,I,false,bank,70848.78635433794,0,58,US,I,bank
423,C_423,92164.28,US,I,false,bank,92164.27918471774,0,59,US,I,bank
424,C_424,98347.22,US,I,true,bank,98347.22132420921,4,56,US,I,bank
425,C_425,53401.94,US,I,true,bank,53401.9432735904,2,57,US,I,bank
426,C_426,53914.95,US,I,false,bank,53914.95050473347,0,60,US,I,bank
427,C_427,87483.14,US,I,false,bank,87483.13868982813,1,57,US,I,bank
428,C_428,94472.37,US,I,false,bank,94472.36760103573,0,57,US,I,bank
429,C_429,83907.21,US,I,true,bank,83907.20794406412,2,57,US,I,bank
430,C_430,89170.05,US,I,false,bank,89170.05475736584,1,56,US,I,bank
431,C_431,69124.75,US,I,true,bank,69124.74676634287,1,58,US,I,bank
432,C_432,52511.90,US,I,false,bank,52511.89885100562,0,60,US,I,bank
433,C_433,87099.93,US,I,false,bank,87099.9328697406,2,59,US,I,bank
434,C_434,71999.10,US,I,false,bank,71999.09500701982,3,60,US,I,bank
435,C_435,74514.05,US,I,false,bank,74514.04752089753,4,59,US,I,bank
436,C_436,64450.79,US,I,false,bank,64450.79145152413,2,60,US,I,bank
437,C_437,76707.80,US,I,false,bank,76707.80149400343,1,58,US,I,bank
438,C_438,73901.12,US,I,false,bank,73901.12282292059,1,59,US,I,bank
439,C_439,73510.67,US,I,true,bank,73510.67046389126,4,56,US,I,bank
440,C_440,68959.03,US,I,true,bank,68959.03146439201,2,56,US,I,bank
441,C_441,96096.43,US,I,false,bank,96096.42769312597,2,56,US,I,bank
442,C_442,91775.92,US,I,false,bank,91775.92050731984,3,59,US,I,bank
443,C_443,74904.16,US,I,false,bank,74904.16019748054,3,58,US,I,bank
444,C_444,60034.25,US,I,false,bank,60034.24578021794,4,60,US,I,bank
445,C_445,79665.67,US,I,false,bank,79665.66708437212,3,57,US,I,bank
446,C_446,95902.73,US,I,true,bank,95902.72940516306,2,60,US,I,bank
447,C_447,74433.97,US,I,false,bank,74433.974014147,3,58,US,I,bank
448,C_448,59539.21,US,I,true,bank,59539.20561072733,4,59,US,I,bank
449,C_449,90914.38,US,I,false,bank,90914.3805088723,0,59,US,I,bank
450,C_450,56257.77,US,I,true,bank,56257.770711870005,4,59,US,I,bank
451,C_451,98587.40,US,I,false,bank,98587.40440063136,1,58,US,I,bank
452,C_452,66810.15,US,I,true,bank,66810.15333660597,0,58,US,I,bank
453,C_453,78035.48,US,I,true,bank,78035.47872356369,3,60,US,I,bank
454,C_454,64132.18,US,I,true,bank,64132.17845336674,3,59,US,I,bank
455,C_455,98534.20,US,I,false,bank,98534.19647305986,1,60,US,I,bank
456,C_456,53393.14,US,I,true,bank,53393.143195392346,4,59,US,I,bank
457,C_457,81279.30,US,I,false,bank,81279.300782899,3,57,US,I,bank
458,C_458,99522.32,US,I,false,bank,99522.31727413894,4,59,US,I,bank
459,C_459,68038.23,US,I,true,bank,68038.22959404865,0,60,US,I,bank
460,C_460,54573.44,US,I,false,bank,54573.43657853304,4,58,US,I,bank
461,C_461,87108.87,US,I,false,bank,87108.86692452672,1,59,US,I,bank
462,C_462,69822.30,US,I,true,bank,69822.30098260545,4,57,US,I,bank
463,C_463,91259.30,US,I,true,bank,91259.30154723294,1,58,US,I,bank
464,C_464,71188.03,US,I,false,bank,71188.0278022019,1,57,US,I,bank
465,C_465,90284.55,US,I,true,bank,90284.54596451783,2,60,US,I,bank
466,C_466,84792.12,US,I,true,bank,84792.11672017287,3,60,US,I,bank
467,C_467,53789.52,US,I,false,bank,53789.517750189356,3,60,US,I,bank
468,C_468,93817.44,US,I,false,bank,93817.44133362538,0,58,US,I,bank
469,C_469,65325.56,US,I,false,bank,65325.558921116346,3,59,US,I,bank
470,C_470,79836.01,US,I,true,bank,79836.01389459753,1,59,US,I,bank
471,C_471,66860.32,US,I,false,bank,66860.32020143948,2,58,US,I,bank
472,C_472,53638.70,US,I,true,bank,53638.70276662473,0,56,US,I,bank
473,C_473,64924.66,US,I,true,bank,64924.660878983035,2,60,US,I,bank
474,C_474,53609.74,US,I,false,bank,53609.74428106386,4,59,US,I,bank
475,C_475,74045.97,US,I,true,bank,74045.97365995139,3,60,US,I,bank
476,C_476,77163.84,US,I,false,bank,77163.84400432829,0,59,US,I,bank
477,C_477,91002.57,US,I,false,bank,91002.56864526754,0,57,US,I,bank
478,C_478,65745.23,US,I,true,bank,65745.22531139267,3,59,US,I,bank
479,C_479,93418.21,US,I,true,bank,93418.20866594417,1,56,US,I,bank
480,C_480,59749.50,US,I,false,bank,59749.50071533369,3,57,US,I,bank
481,C_481,68853.10,US,I,true,bank,68853.1018955215,0,59,US,I,bank
482,C_482,76480.85,US,I,false,bank,76480.85215134892,4,59,US,I,bank
483,C_483,77064.71,US,I,true,bank,77064.70926980954,0,58,US,I,bank
484,C_484,80113.72,US,I,false,bank,80113.72174567885,0,59,US,I,bank
485,C_485,88825.36,US,I,false,bank,88825.3583036773,1,57,US,I,bank
486,C_486,97797.20,US,I,false,bank,97797.1991576935,0,60,US,I,bank
487,C_487,80251.65,US,I,false,bank,80251.6508664921,3,59,US,I,bank
488,C_488,74263.14,US,I,false,bank,74263.14037424499,0,59,US,I,bank
489,C_489,82159.06,US,I,true,bank,82159.05730489934,2,58,US,I,bank
490,C_490,53957.39,US,I,false,bank,53957.38956085944,2,58,US,I,bank
491,C_491,83277.38,US,I,true,bank,83277.37806667604,1,59,US,I,bank
492,C_492,65109.15,US,I,true,bank,65109.15280811975,4,59,US,I,bank
493,C_493,98260.46,US,I,false,bank,98260.45644826809,3,58,US,I,bank
494,C_494,86356.90,US,I,true,bank,86356.89804124039,0,60,US,I,bank
495,C_495,73306.69,US,I,true,bank,73306.69242931648,0,60,US,I,bank
496,C_496,57577.11,US,I,true,bank,57577.11267876668,3,56,US,I,bank
497,C_497,73150.66,US,I,false,bank,73150.65956628077,3,58,US,I,bank
498,C_498,84299.77,US,I,true,bank,84299.77408823695,2,60,US,I,bank
499,C_499,64043.56,US,I,true,bank,64043.55683698128,3,59,US,I,bank
500,C_500,73843.29,US,I,false,bank,73843.28997399568,1,56,US,I,bank
501,C_501,58947.38,US,I,false,bank,58947.38391083478,1,56,US,I,bank
502,C_502,58579.27,US,I,false,bank,58579.2699378847,2,58,US,I,bank
503,C_503,53493.72,US,I,true,bank,53493.72499464377,4,58,US,I,bank
504,C_504,73637.58,US,I,false,bank,73637.57824457475,2,58,US,I,bank
505,C_505,98209.42,US,I,false,bank,98209.42060984219,3,56,US,I,bank
506,C_506,77364.60,US,I,false,bank,77364.6028555826,0,60,US,I,bank
507,C_507,55366.33,US,I,true,bank,55366.331392752385,3,60,US,I,bank
508,C_508,58567.30,US,I,false,bank,58567.297199663124,3,57,US,I,bank
509,C_509,84271.90,US,I,true,bank,84271.89929580141,2,57,US,I,bank
510,C_510,56759.38,US,I,false,bank,56759.383254072854,1,57,US,I,bank
511,C_511,80891.43,US,I,false,bank,80891.42615342494,1,58,US,I,bank
512,C_512,95969.18,US,I,true,bank,95969.17686565782,1,56,US,I,bank
513,C_513,68776.05,US,I,true,bank,68776.05310928408,3,56,US,I,bank
514,C_514,92616.54,US,I,false,bank,92616.53846228347,3,60,US,I,bank
515,C_515,73144.36,US,I,false,bank,73144.35503809263,0,56,US,I,bank
516,C_516,94074.41,US,I,true,bank,94074.41241212253,3,60,US,I,bank
517,C_517,52804.81,US,I,false,bank,52804.805400712,2,59,US,I,bank
518,C_518,78350.59,US,I,true,bank,78350.59131618544,1,58,US,I,bank
519,C_519,66330.79,US,I,false,bank,66330.79048798815,1,57,US,I,bank
520,C_520,52641.81,US,I,true,bank,52641.80812832483,2,59,US,I,bank
521,C_521,97819.04,US,I,false,bank,97819.04299553516,2,60,US,I,bank
522,C_522,71228.37,US,I,false,bank,71228.37076399015,3,56,US,I,bank
523,C_523,51716.22,US,I,false,bank,51716.2247271801,3,56,US,I,bank
524,C_524,71853.64,US,I,false,bank,71853.64249126572,1,59,US,I,bank
525,C_525,66208.07,US,I,false,bank,66208.06917299714,3,57,US,I,bank
526,C_526,72667.03,US,I,true,bank,72667.03400784876,3,58,US,I,bank
527,C_527,97942.30,US,I,false,bank,97942.3037751152,4,56,US,I,bank
528,C_528,67704.26,US,I,true,bank,67704.25827515803,1,57,US,I,bank
529,C_529,97591.14,US,I,false,bank,97591.1364140908,1,57,US,I,bank
530,C_530,97847.82,US,I,true,bank,97847.81558955119,3,60,US,I,bank
531,C_531,88817.38,US,I,false,bank,88817.37657127962,0,59,US,I,bank
532,C_532,64082.92,US,I,false,bank,64082.91881864674,2,59,US,I,bank
533,C_533,94456.69,US,I,false,bank,94456.68946405465,4,59,US,I,bank
534,C_534,93992.50,US,I,false,bank,93992.49769111242,2,57,US,I,bank
535,C_535,61477.03,US,I,true,bank,61477.02549352827,1,56,US,I,bank
536,C_536,65885.06,US,I,false,bank,65885.063409339,3,58,US,I,bank
537,C_537,73623.21,US,I,false,bank,73623.20908625664,3,56,US,I,bank
538,C_538,90878.22,US,I,false,bank,90878.2151470444,1,56,US,I,bank
539,C_539,54608.77,US,I,false,bank,54608.77103069095,3,58,US,I,bank
540,C_540,71170.01,US,I,true,bank,71170.01369429787,0,58,US,I,bank
541,C_541,97087.01,US,I,false,bank,97087.00504152007,1,58,US,I,bank
542,C_542,76966.58,US,I,false,bank,76966.57649708721,2,56,US,I,bank
543,C_543,96858.99,US,I,false,bank,96858.99157638388,3,60,US,I,bank
544,C_544,56385.59,US,I,false,bank,56385.58772391643,3,58,US,I,bank
545,C_545,78732.36,US,I,true,bank,78732.35801107288,3,60,US,I,bank
546,C_546,65051.82,US,I,true,bank,65051.81682483153,1,59,US,I,bank
547,C_547,53835.99,US,I,false,bank,53835.98759172728,0,60,US,I,bank
548,C_548,56093.96,US,I,false,bank,56093.962166273806,0,58,US,I,bank
549,C_549,70100.45,US,I,false,bank,70100.44844811424,4,59,US,I,bank
550,C_550,73491.95,US,I,false,bank,73491.95299840378,1,58,US,I,bank
551,C_551,57907.24,US,I,true,bank,57907.235601931694,3,57,US,I,bank
552,C_552,61658.21,US,I,false,bank,61658.21124394967,4,60,US,I,bank
553,C_553,94075.30,US,I,false,bank,94075.30403042435,1,56,US,I,bank
554,C_554,86271.06,US,I,false,bank,86271.06392833682,3,59,US,I,bank
555,C_555,84121.46,US,I,true,bank,84121.45922630248,4,58,US,I,bank
556,C_556,99068.29,US,I,false,bank,99068.29328495916,0,56,US,I,bank
557,C_557,96532.93,US,I,false,bank,96532.9322973324,3,60,US,I,bank
558,C_558,57270.27,US,I,false,bank,57270.27353220297,4,57,US,I,bank
559,C_559,71731.49,US,I,true,bank,71731.49078286998,4,60,US,I,bank
560,C_560,52069.36,US,I,false,bank,52069.35590884841,0,56,US,I,bank
561,C_561,76421.09,US,I,false,bank,76421.0903709149,0,59,US,I,bank
562,C_562,98641.13,US,I,true,bank,98641.13118496042,0,58,US,I,bank
563,C_563,63495.43,US,I,false,bank,63495.43280835018,1,59,US,I,bank
564,C_564,60927.57,US,I,false,bank,60927.56602692028,0,56,US,I,bank
565,C_565,57591.11,US,I,false,bank,57591.11006922612,2,59,US,I,bank
566,C_566,87524.11,US,I,true,bank,87524.10695096545,4,60,US,I,bank
567,C_567,67872.03,US,I,false,bank,67872.03470427978,2,56,US,I,bank
568,C_568,50633.52,US,I,true,bank,50633.522021599834,2,57,US,I,bank
569,C_569,50313.54,US,I,false,bank,50313.53678942547,4,56,US,I,bank
570,C_570,68393.96,US,I,false,bank,68393.95735512741,1,56,US,I,bank
571,C_571,85893.71,US,I,false,bank,85893.70641316648,2,58,US,I,bank
572,C_572,79341.45,US,I,true,bank,79341.44893406912,4,56,US,I,bank
573,C_573,51752.74,US,I,true,bank,51752.7395807786,2,59,US,I,bank
574,C_574,55659.78,US,I,true,bank,55659.783703618414,3,59,US,I,bank
575,C_575,75501.18,US,I,false,bank,75501.18285379281,2,59,US,I,bank
576,C_576,83505.89,US,I,true,bank,83505.88590318752,2,57,US,I,bank
577,C_577,95625.91,US,I,false,bank,95625.91067538844,4,58,US,I,bank
578,C_578,70071.00,US,I,false,bank,70070.9950923935,2,57,US,I,bank
579,C_579,58373.07,US,I,true,bank,58373.06595461169,0,58,US,I,bank
580,C_580,64735.97,US,I,false,bank,64735.96606993948,4,59,US,I,bank
581,C_581,92759.43,US,I,false,bank,92759.43241022517,0,57,US,I,bank
582,C_582,63713.63,US,I,false,bank,63713.632285809676,3,57,US,I,bank
583,C_583,78892.73,US,I,true,bank,78892.7254676353,1,57,US,I,bank
584,C_584,52213.77,US,I,false,bank,52213.768158906176,0,60,US,I,bank
585,C_585,81656.32,US,I,true,bank,81656.31751650496,0,58,US,I,bank
586,C_586,66444.87,US,I,false,bank,66444.87150955858,3,58,US,I,bank
587,C_587,59769.66,US,I,true,bank,59769.659595238605,0,59,US,I,bank
588,C_588,82054.18,US,I,true,bank,82054.17844630452,3,59,US,I,bank
589,C_589,55057.73,US,I,false,bank,55057.72817018447,1,60,US,I,bank
590,C_590,64893.61,US,I,true,bank,64893.60996497309,1,60,US,I,bank
591,C_591,81911.97,US,I,false,bank,81911.97182390912,0,57,US,I,bank
592,C_592,83237.06,US,I,false,bank,83237.05535430525,4,60,US,I,bank
593,C_593,87322.52,US,I,true,bank,87322.52111489282,3,56,US,I,bank
594,C_594,65842.61,US,I,true,bank,65842.61115056409,3,58,US,I,bank
595,C_595,92011.54,US,I,false,bank,92011.5438073255,1,57,US,I,bank
596,C_596,59447.53,US,I,false,bank,59447.5316882432,1,58,US,I,bank
597,C_597,53961.48,US,I,false,bank,53961.47627500028,1,60,US,I,bank
598,C_598,91931.34,US,I,false,bank,91931.33794924813,4,58,US,I,bank
599,C_599,77711.35,US,I,true,bank,77711.35480564738,4,58,US,I,bank
600,C_600,74398.00,US,I,false,bank,74398.00084360706,3,59,US,I,bank
601,C_601,80801.72,US,I,true,bank,80801.71673414897,4,58,US,I,bank
602,C_602,80790.06,US,I,false,bank,80790.05634088165,1,56,US,I,bank
603,C_603,66529.33,US,I,true,bank,66529.32544373539,4,60,US,I,bank
604,C_604,85593.89,US,I,false,bank,85593.88500484354,4,60,US,I,bank
605,C_605,78428.15,US,I,true,bank,78428.15092986473,4,60,US,I,bank
606,C_606,60598.96,US,I,false,bank,60598.95995413415,2,60,US,I,bank
607,C_607,91525.87,US,I,false,bank,91525.86829482659,2,56,US,I,bank
608,C_608,79903.01,US,I,false,bank,79903.01354953727,1,59,US,I,bank
609,C_609,63770.08,US,I,false,bank,63770.07792029047,2,58,US,I,bank
610,C_610,94807.59,US,I,false,bank,94807.58834371335,0,56,US,I,bank
611,C_611,51525.48,US,I,true,bank,51525.475782339694,3,58,US,I,bank
612,C_612,64744.20,US,I,false,bank,64744.20495399645,1,57,US,I,bank
613,C_613,76754.57,US,I,false,bank,76754.56753740113,2,60,US,I,bank
614,C_614,80740.12,US,I,false,bank,80740.12101529549,4,57,US,I,bank
615,C_615,66004.70,US,I,false,bank,66004.69769515595,2,57,US,I,bank
616,C_616,70382.60,US,I,true,bank,70382.60187508103,4,57,US,I,bank
617,C_617,67176.91,US,I,false,bank,67176.91408736285,3,57,US,I,bank
618,C_618,85647.33,US,I,false,bank,85647.33441140832,3,59,US,I,bank
619,C_619,60368.64,US,I,true,bank,60368.63901489272,0,59,US,I,bank
620,C_620,89796.38,US,I,false,bank,89796.37925357171,3,60,US,I,bank
621,C_621,98748.30,US,I,false,bank,98748.3002905468,4,58,US,I,bank
622,C_622,66165.29,US,I,false,bank,66165.28543677219,0,56,US,I,bank
623,C_623,56192.68,US,I,false,bank,56192.683790184514,0,60,US,I,bank
624,C_624,60259.48,US,I,false,bank,60259.48177519857,1,60,US,I,bank
625,C_625,58866.55,US,I,false,bank,58866.551101296805,0,59,US,I,bank
626,C_626,85068.70,US,I,true,bank,85068.69530237885,0,56,US,I,bank
627,C_627,79612.55,US,I,false,bank,79612.54583072488,3,59,US,I,bank
628,C_628,67305.45,US,I,false,bank,67305.45059647755,4,59,US,I,bank
629,C_629,95715.43,US,I,true,bank,95715.43318396225,1,59,US,I,bank
630,C_630,74742.60,US,I,true,bank,74742.59830690015,4,58,US,I,bank
631,C_631,88845.68,US,I,false,bank,88845.68241199787,4,60,US,I,bank
632,C_632,94467.14,US,I,false,bank,94467.13977170286,0,56,US,I,bank
633,C_633,75438.47,US,I,true,bank,75438.47048943063,1,57,US,I,bank
634,C_634,53458.78,US,I,false,bank,53458.77607004384,4,60,US,I,bank
635,C_635,55408.91,US,I,false,bank,55408.9131750174,0,60,US,I,bank
636,C_636,57600.56,US,I,true,bank,57600.56370547714,2,58,US,I,bank
637,C_637,53163.46,US,I,false,bank,53163.45550847365,3,60,US,I,bank
638,C_638,73850.96,US,I,false,bank,73850.96198751144,4,57,US,I,bank
639,C_639,89601.65,US,I,false,bank,89601.64966778114,0,59,US,I,bank
640,C_640,53436.68,US,I,false,bank,53436.67843311582,0,57,US,I,bank
641,C_641,96116.12,US,I,true,bank,96116.12451632734,3,56,US,I,bank
642,C_642,83782.92,US,I,false,bank,83782.91548413438,4,56,US,I,bank
643,C_643,52429.99,US,I,true,bank,52429.98635990186,0,56,US,I,bank
644,C_644,72951.32,US,I,true,bank,72951.31855458926,2,60,US,I,bank
645,C_645,99790.88,US,I,false,bank,99790.87571908352,1,57,US,I,bank
646,C_646,58862.12,US,I,false,bank,58862.118562644064,1,58,US,I,bank
647,C_647,69964.85,US,I,false,bank,69964.85192924066,2,56,US,I,bank
648,C_648,79549.31,US,I,false,bank,79549.30571453877,2,59,US,I,bank
649,C_649,79738.32,US,I,false,bank,79738.32419874155,3,58,US,I,bank
650,C_650,69094.41,US,I,false,bank,69094.41354435943,0,58,US,I,bank
651,C_651,71955.85,US,I,false,bank,71955.85096542507,0,57,US,I,bank
652,C_652,77438.09,US,I,true,bank,77438.09445656721,4,58,US,I,bank
653,C_653,55480.08,US,I,false,bank,55480.08025424281,2,60,US,I,bank
654,C_654,85053.30,US,I,false,bank,85053.2972542757,3,56,US,I,bank
655,C_655,72838.41,US,I,true,bank,72838.41198836379,0,58,US,I,bank
656,C_656,72091.58,US,I,true,bank,72091.57604510756,1,57,US,I,bank
657,C_657,89532.63,US,I,false,bank,89532.6278796609,4,60,US,I,bank
658,C_658,71614.35,US,I,true,bank,71614.35452512662,1,57,US,I,bank
659,C_659,77016.46,US,I,false,bank,77016.46187668238,0,57,US,I,bank
660,C_660,99107.69,US,I,false,bank,99107.68735974535,2,56,US,I,bank
661,C_661,73432.95,US,I,false,bank,73432.95129880244,3,57,US,I,bank
662,C_662,50931.69,US,I,true,bank,50931.68913880952,3,60,US,I,bank
663,C_663,54597.58,US,I,false,bank,54597.57944503747,3,57,US,I,bank
664,C_664,76561.16,US,I,true,bank,76561.1608412354,2,60,US,I,bank
665,C_665,70272.73,US,I,true,bank,70272.725726477,4,56,US,I,bank
666,C_666,58239.05,US,I,true,bank,58239.05235989932,1,58,US,I,bank
667,C_667,79989.14,US,I,false,bank,79989.14126899923,3,59,US,I,bank
668,C_668,88168.58,US,I,true,bank,88168.58229865498,2,57,US,I,bank
669,C_669,62400.05,US,I,false,bank,62400.04659326817,3,57,US,I,bank
670,C_670,60447.47,US,I,true,bank,60447.4735045249,1,57,US,I,bank
671,C_671,69382.71,US,I,false,bank,69382.71368120442,4,59,US,I,bank
672,C_672,72748.61,US,I,false,bank,72748.60554442399,2,56,US,I,bank
673,C_673,84469.76,US,I,false,bank,84469.75714981346,0,59,US,I,bank
674,C_674,80271.06,US,I,false,bank,80271.06421531967,3,57,US,I,bank
675,C_675,95499.73,US,I,true,bank,95499.72911928734,4,60,US,I,bank
676,C_676,97946.56,US,I,true,bank,97946.55592460703,4,56,US,I,bank
677,C_677,90210.32,US,I,true,bank,90210.31517151576,1,56,US,I,bank
678,C_678,50466.22,US,I,true,bank,50466.21790277927,2,59,US,I,bank
679,C_679,76486.84,US,I,true,bank,76486.84281456274,4,59,US,I,bank
680,C_680,79921.73,US,I,false,bank,79921.72509224952,0,56,US,I,bank
681,C_681,82581.20,US,I,false,bank,82581.20452822097,3,57,US,I,bank
682,C_682,63887.98,US,I,false,bank,63887.975529239644,0,57,US,I,bank
683,C_683,74229.00,US,I,false,bank,74228.99630542574,0,58,US,I,bank
684,C_684,89305.39,US,I,true,bank,89305.39351209771,0,59,US,I,bank
685,C_685,58467.29,US,I,false,bank,58467.29426772801,1,59,US,I,bank
686,C_686,63878.24,US,I,true,bank,63878.24008711388,1,59,US,I,bank
687,C_687,53216.18,US,I,true,bank,53216.1797643248,2,59,US,I,bank
688,C_688,59142.11,US,I,false,bank,59142.11397651251,3,60,US,I,bank
689,C_689,98143.01,US,I,false,bank,98143.00582326934,1,59,US,I,bank
690,C_690,96271.54,US,I,false,bank,96271.53790859423,4,59,US,I,bank
691,C_691,58493.28,US,I,true,bank,58493.276039505334,4,59,US,I,bank
692,C_692,78397.37,US,I,false,bank,78397.3728734297,1,57,US,I,bank
693,C_693,73601.71,US,I,false,bank,73601.70901330568,1,58,US,I,bank
694,C_694,87448.03,US,I,true,bank,87448.02879450892,3,56,US,I,bank
695,C_695,87845.84,US,I,true,bank,87845.84481337218,3,56,US,I,bank
696,C_696,87853.29,US,I,true,bank,87853.29104359611,4,57,US,I,bank
697,C_697,68456.42,US,I,false,bank,68456.42311900003,2,59,US,I,bank
698,C_698,66144.10,US,I,false,bank,66144.10276269692,0,58,US,I,bank
699,C_699,80138.91,US,I,false,bank,80138.91284571873,1,60,US,I,bank
700,C_700,86694.19,US,I,false,bank,86694.18533168903,1,58,US,I,bank
701,C_701,51099.24,US,I,true,bank,51099.242793773374,3,56,US,I,bank
702,C_702,83044.68,US,I,false,bank,83044.68280484571,1,59,US,I,bank
703,C_703,76117.57,US,I,true,bank,76117.56940507879,3,58,US,I,bank
704,C_704,82515.79,US,I,false,bank,82515.78732349694,4,59,US,I,bank
705,C_705,98870.94,US,I,false,bank,98870.93842107977,3,56,US,I,bank
706,C_706,77752.85,US,I,false,bank,77752.85343924028,1,59,US,I,bank
707,C_707,92956.67,US,I,false,bank,92956.67032454145,3,56,US,I,bank
708,C_708,71121.18,US,I,true,bank,71121.18362756335,3,57,US,I,bank
709,C_709,52574.55,US,I,true,bank,52574.5549227246,4,58,US,I,bank
710,C_710,76126.87,US,I,false,bank,76126.87399394473,1,58,US,I,bank
711,C_711,79910.39,US,I,true,bank,79910.39101443553,3,57,US,I,bank
712,C_712,85574.50,US,I,false,bank,85574.5028368982,3,60,US,I,bank
713,C_713,70826.84,US,I,false,bank,70826.84099453762,3,57,US,I,bank
714,C_714,72719.73,US,I,true,bank,72719.73287289002,1,56,US,I,bank
715,C_715,58632.62,US,I,true,bank,58632.62059466545,2,56,US,I,bank
716,C_716,63198.94,US,I,true,bank,63198.93578019683,4,58,US,I,bank
717,C_717,89651.75,US,I,false,bank,89651.7468084961,0,60,US,I,bank
718,C_718,73503.20,US,I,false,bank,73503.19546327481,2,60,US,I,bank
719,C_719,64326.77,US,I,false,bank,64326.765520468325,1,57,US,I,bank
720,C_720,94779.14,US,I,false,bank,94779.13983934124,0,57,US,I,bank
721,C_721,74441.47,US,I,false,bank,74441.47204082858,3,60,US,I,bank
722,C_722,72559.64,US,I,false,bank,72559.64009753751,0,60,US,I,bank
723,C_723,78064.39,US,I,false,bank,78064.39084555965,3,57,US,I,bank
724,C_724,90976.63,US,I,false,bank,90976.63215247623,0,57,US,I,bank
725,C_725,96703.71,US,I,false,bank,96703.70896326736,3,59,US,I,bank
726,C_726,83277.59,US,I,false,bank,83277.58694983322,2,58,US,I,bank
727,C_727,83764.94,US,I,true,bank,83764.93747164283,1,59,US,I,bank
728,C_728,80083.12,US,I,false,bank,80083.11600685776,3,58,US,I,bank
729,C_729,84869.62,US,I,true,bank,84869.62479413029,1,56,US,I,bank
730,C_730,83587.08,US,I,false,bank,83587.07695185751,0,58,US,I,bank
731,C_731,52928.46,US,I,false,bank,52928.46146616376,2,60,US,I,bank
732,C_732,61851.10,US,I,false,bank,61851.10344736439,4,60,US,I,bank
733,C_733,57666.41,US,I,false,bank,57666.41036407933,0,60,US,I,bank
734,C_734,59829.52,US,I,true,bank,59829.51852479312,0,58,US,I,bank
735,C_735,86623.72,US,I,false,bank,86623.72166528851,1,60,US,I,bank
736,C_736,94623.83,US,I,false,bank,94623.8319326438,2,60,US,I,bank
737,C_737,73529.30,US,I,false,bank,73529.29824775134,3,56,US,I,bank
738,C_738,93276.62,US,I,false,bank,93276.6244438764,0,56,US,I,bank
739,C_739,56283.73,US,I,true,bank,56283.7317629486,1,57,US,I,bank
740,C_740,80922.30,US,I,false,bank,80922.30265414908,1,56,US,I,bank
741,C_741,55862.63,US,I,false,bank,55862.630633495995,1,60,US,I,bank
742,C_742,68313.72,US,I,true,bank,68313.72007204252,4,60,US,I,bank
743,C_743,77108.03,US,I,false,bank,77108.03178416248,1,60,US,I,bank
744,C_744,68723.39,US,I,false,bank,68723.39481546171,3,60,US,I,bank
745,C_745,70993.60,US,I,false,bank,70993.59526932568,2,57,US,I,bank
746,C_746,92224.67,US,I,false,bank,92224.66724520811,2,57,US,I,bank
747,C_747,79906.92,US,I,false,bank,79906.9216857093,2,59,US,I,bank
748,C_748,68271.08,US,I,true,bank,68271.0814542185,1,60,US,I,bank
749,C_749,89789.79,US,I,false,bank,89789.79006544237,1,59,US,I,bank
750,C_750,73742.45,US,I,false,bank,73742.45029555223,4,59,US,I,bank
751,C_751,74424.78,US,I,true,bank,74424.77779664968,1,57,US,I,bank
752,C_752,69574.27,US,I,false,bank,69574.27079483189,1,57,US,I,bank
753,C_753,76690.38,US,I,true,bank,76690.37791419498,1,59,US,I,bank
754,C_754,60570.44,US,I,true,bank,60570.443017063364,1,57,US,I,bank
755,C_755,57772.58,US,I,false,bank,57772.5826920628,1,58,US,I,bank
756,C_756,62227.03,US,I,false,bank,62227.0307678956,1,59,US,I,bank
757,C_757,93127.05,US,I,true,bank,93127.04881725891,1,59,US,I,bank
758,C_758,63577.79,US,I,true,bank,63577.79455046524,0,60,US,I,bank
759,C_759,88280.24,US,I,true,bank,88280.23759891896,1,60,US,I,bank
760,C_760,57935.79,US,I,false,bank,57935.79405903075,1,58,US,I,bank
761,C_761,95529.43,US,I,false,bank,95529.43043945706,2,60,US,I,bank
762,C_762,79465.24,US,I,false,bank,79465.24201965031,3,58,US,I,bank
763,C_763,79617.60,US,I,true,bank,79617.60374781441,2,56,US,I,bank
764,C_764,85661.44,US,I,false,bank,85661.43518608529,2,56,US,I,bank
765,C_765,94107.28,US,I,false,bank,94107.28076153866,0,56,US,I,bank
766,C_766,94966.63,US,I,false,bank,94966.62705023128,0,57,US,I,bank
767,C_767,72850.10,US,I,true,bank,72850.09642763861,2,60,US,I,bank
768,C_768,73686.84,US,I,true,bank,73686.83503499828,4,59,US,I,bank
769,C_769,57271.47,US,I,false,bank,57271.46990720826,0,59,US,I,bank
770,C_770,85527.36,US,I,false,bank,85527.3609194797,4,60,US,I,bank
771,C_771,93238.62,US,I,true,bank,93238.61599778564,2,60,US,I,bank
772,C_772,58466.72,US,I,true,bank,58466.722790432366,2,59,US,I,bank
773,C_773,85942.02,US,I,false,bank,85942.02417904731,1,57,US,I,bank
774,C_774,96633.24,US,I,false,bank,96633.24074082018,4,60,US,I,bank
775,C_775,93465.76,US,I,true,bank,93465.75682686782,4,58,US,I,bank
776,C_776,73686.08,US,I,false,bank,73686.08122787578,3,59,US,I,bank
777,C_777,51924.09,US,I,false,bank,51924.085315502125,4,59,US,I,bank
778,C_778,75475.49,US,I,true,bank,75475.4888100487,4,60,US,I,bank
779,C_779,61671.73,US,I,false,bank,61671.72810080938,1,57,US,I,bank
780,C_780,91682.47,US,I,false,bank,91682.46769588688,2,58,US,I,bank
781,C_781,74175.41,US,I,false,bank,74175.41397987018,3,59,US,I,bank
782,C_782,58625.69,US,I,true,bank,58625.690530495835,4,56,US,I,bank
783,C_783,56875.66,US,I,false,bank,56875.66112717525,0,57,US,I,bank
784,C_784,91718.67,US,I,false,bank,91718.6704510611,3,59,US,I,bank
785,C_785,85215.21,US,I,true,bank,85215.21113986804,0,59,US,I,bank
786,C_786,86042.32,US,I,true,bank,86042.32150030884,1,57,US,I,bank
787,C_787,92590.81,US,I,false,bank,92590.81007232898,4,60,US,I,bank
788,C_788,67239.56,US,I,false,bank,67239.5559317513,3,59,US,I,bank
789,C_789,98894.69,US,I,false,bank,98894.6900463936,4,57,US,I,bank
790,C_790,66241.40,US,I,false,bank,66241.39777822018,1,60,US,I,bank
791,C_791,59403.86,US,I,false,bank,59403.86121187969,4,57,US,I,bank
792,C_792,98798.58,US,I,false,bank,98798.58351162224,4,59,US,I,bank
793,C_793,80016.14,US,I,false,bank,80016.13865862024,4,56,US,I,bank
794,C_794,58450.38,US,I,false,bank,58450.375507729485,4,56,US,I,bank
795,C_795,71373.04,US,I,false,bank,71373.04395780471,1,60,US,I,bank
796,C_796,62075.26,US,I,true,bank,62075.2617376744,2,57,US,I,bank
797,C_797,55966.48,US,I,true,bank,55966.48017245859,3,58,US,I,bank
798,C_798,71611.62,US,I,false,bank,71611.61964676467,0,59,US,I,bank
799,C_799,95379.80,US,I,false,bank,95379.79672973457,2,56,US,I,bank
800,C_800,72163.19,US,I,false,bank,72163.18653633016,1,56,US,I,bank
801,C_801,77268.78,US,I,false,bank,77268.7751489858,4,56,US,I,bank
802,C_802,66595.75,US,I,false,bank,66595.75387936506,2,57,US,I,bank
803,C_803,65819.66,US,I,false,bank,65819.65837694914,1,56,US,I,bank
804,C_804,95741.41,US,I,true,bank,95741.40817757299,4,56,US,I,bank
805,C_805,93369.79,US,I,true,bank,93369.78877725707,0,58,US,I,bank
806,C_806,68417.83,US,I,false,bank,68417.82933528491,4,58,US,I,bank
807,C_807,51402.97,US,I,false,bank,51402.97390053016,0,60,US,I,bank
808,C_808,64857.48,US,I,true,bank,64857.48145761859,1,59,US,I,bank
809,C_809,55235.56,US,I,true,bank,55235.56083623036,0,57,US,I,bank
810,C_810,90438.12,US,I,false,bank,90438.12459876525,4,59,US,I,bank
811,C_811,68215.05,US,I,false,bank,68215.05017962464,1,58,US,I,bank
812,C_812,63656.36,US,I,false,bank,63656.36265974379,4,58,US,I,bank
813,C_813,96821.94,US,I,false,bank,96821.93621858806,0,57,US,I,bank
814,C_814,82155.30,US,I,true,bank,82155.29560019218,3,60,US,I,bank
815,C_815,59706.27,US,I,true,bank,59706.26560523396,2,60,US,I,bank
816,C_816,97298.13,US,I,false,bank,97298.13353539888,0,56,US,I,bank
817,C_817,59684.11,US,I,false,bank,59684.111535025695,4,56,US,I,bank
818,C_818,98705.88,US,I,false,bank,98705.87756306696,4,58,US,I,bank
819,C_819,88736.58,US,I,false,bank,88736.57738096599,3,57,US,I,bank
820,C_820,71265.56,US,I,false,bank,71265.5616772543,4,57,US,I,bank
821,C_821,93363.90,US,I,false,bank,93363.89934802978,2,57,US,I,bank
822,C_822,84767.86,US,I,false,bank,84767.85586234488,3,59,US,I,bank
823,C_823,67111.67,US,I,false,bank,67111.66676983928,2,57,US,I,bank
824,C_824,57482.36,US,I,true,bank,57482.364711459944,0,59,US,I,bank
825,C_825,65210.27,US,I,false,bank,65210.27487746712,3,56,US,I,bank
826,C_826,87767.70,US,I,false,bank,87767.70392603087,0,56,US,I,bank
827,C_827,50845.64,US,I,false,bank,50845.64237497058,1,59,US,I,bank
828,C_828,55539.80,US,I,false,bank,55539.79546629754,4,58,US,I,bank
829,C_829,98479.29,US,I,false,bank,98479.29276124109,3,57,US,I,bank
830,C_830,68179.51,US,I,false,bank,68179.50574702238,2,56,US,I,bank
831,C_831,69379.26,US,I,false,bank,69379.2606157723,4,56,US,I,bank
832,C_832,71743.75,US,I,true,bank,71743.74551863475,2,59,US,I,bank
833,C_833,94839.15,US,I,false,bank,94839.14922918135,1,59,US,I,bank
834,C_834,59301.24,US,I,false,bank,59301.23635507854,4,58,US,I,bank
835,C_835,75319.12,US,I,true,bank,75319.11887710576,3,60,US,I,bank
836,C_836,82397.65,US,I,false,bank,82397.64905194326,2,59,US,I,bank
837,C_837,80057.10,US,I,false,bank,80057.09522008008,4,60,US,I,bank
838,C_838,93271.70,US,I,false,bank,93271.70343741175,2,58,US,I,bank
839,C_839,70618.30,US,I,true,bank,70618.2998265863,4,58,US,I,bank
840,C_840,85984.72,US,I,false,bank,85984.72184400835,4,59,US,I,bank
841,C_841,90924.30,US,I,false,bank,90924.29507663683,4,60,US,I,bank
842,C_842,76448.10,US,I,true,bank,76448.10062949761,0,58,US,I,bank
843,C_843,65665.62,US,I,true,bank,65665.62256260062,2,57,US,I,bank
844,C_844,96913.84,US,I,false,bank,96913.83762426622,2,57,US,I,bank
845,C_845,79255.39,US,I,true,bank,79255.38774669231,4,58,US,I,bank
846,C_846,82340.26,US,I,false,bank,82340.25602141277,0,59,US,I,bank
847,C_847,89809.95,US,I,false,bank,89809.9506368154,3,57,US,I,bank
848,C_848,92733.05,US,I,false,bank,92733.05202868472,4,60,US,I,bank
849,C_849,79698.57,US,I,true,bank,79698.5749056754,0,60,US,I,bank
850,C_850,81781.44,US,I,true,bank,81781.43780031647,0,59,US,I,bank
851,C_851,86740.97,US,I,true,bank,86740.97423142329,2,59,US,I,bank
852,C_852,62508.75,US,I,false,bank,62508.74656695088,2,58,US,I,bank
853,C_853,90419.28,US,I,false,bank,90419.28215451207,2,57,US,I,bank
854,C_854,78393.51,US,I,true,bank,78393.51451726015,4,59,US,I,bank
855,C_855,82462.75,US,I,true,bank,82462.74591545913,4,59,US,I,bank
856,C_856,97914.28,US,I,false,bank,97914.28208016488,4,56,US,I,bank
857,C_857,67979.65,US,I,false,bank,67979.64956125057,3,57,US,I,bank
858,C_858,59288.50,US,I,true,bank,59288.50178072209,2,57,US,I,bank
859,C_859,89119.83,US,I,true,bank,89119.82555345108,0,57,US,I,bank
860,C_860,62313.07,US,I,false,bank,62313.07244135953,1,57,US,I,bank
861,C_861,70908.54,US,I,true,bank,70908.54088459401,3,60,US,I,bank
862,C_862,54760.99,US,I,true,bank,54760.99441206931,2,60,US,I,bank
863,C_863,80038.59,US,I,false,bank,80038.58989222614,3,56,US,I,bank
864,C_864,87803.46,US,I,false,bank,87803.46405524216,1,58,US,I,bank
865,C_865,52606.93,US,I,false,bank,52606.9276812241,0,60,US,I,bank
866,C_866,88369.48,US,I,false,bank,88369.4765755507,2,60,US,I,bank
867,C_867,95601.08,US,I,false,bank,95601.08018665883,3,56,US,I,bank
868,C_868,62761.82,US,I,true,bank,62761.81928516519,1,60,US,I,bank
869,C_869,90559.72,US,I,false,bank,90559.71984589896,2,59,US,I,bank
870,C_870,82591.90,US,I,false,bank,82591.89753203417,1,58,US,I,bank
871,C_871,83741.68,US,I,false,bank,83741.68226488386,2,60,US,I,bank
872,C_872,84669.86,US,I,false,bank,84669.86158532868,4,58,US,I,bank
873,C_873,71318.31,US,I,false,bank,71318.3109047138,4,58,US,I,bank
874,C_874,92091.22,US,I,false,bank,92091.21556122677,3,58,US,I,bank
875,C_875,84817.88,US,I,false,bank,84817.88493745218,4,57,US,I,bank
876,C_876,52603.25,US,I,true,bank,52603.25340518119,2,58,US,I,bank
877,C_877,83865.71,US,I,false,bank,83865.7098529744,4,60,US,I,bank
878,C_878,76734.83,US,I,false,bank,76734.83119111069,0,57,US,I,bank
879,C_879,62919.25,US,I,false,bank,62919.252651086106,0,58,US,I,bank
880,C_880,84383.00,US,I,false,bank,84383.0031310413,1,56,US,I,bank
881,C_881,55924.19,US,I,false,bank,55924.18500937956,3,56,US,I,bank
882,C_882,86107.26,US,I,true,bank,86107.26276876082,4,60,US,I,bank
883,C_883,54953.68,US,I,true,bank,54953.67551563143,1,60,US,I,bank
884,C_884,94756.63,US,I,false,bank,94756.63275512643,1,60,US,I,bank
885,C_885,91528.68,US,I,false,bank,91528.68094390232,4,60,US,I,bank
886,C_886,80594.54,US,I,true,bank,80594.54462898152,4,59,US,I,bank
887,C_887,95119.24,US,I,false,bank,95119.23625275612,3,57,US,I,bank
888,C_888,67445.03,US,I,false,bank,67445.03140023754,4,60,US,I,bank
889,C_889,81438.53,US,I,false,bank,81438.52743532107,1,57,US,I,bank
890,C_890,60556.42,US,I,true,bank,60556.41799332667,1,60,US,I,bank
891,C_891,51965.56,US,I,true,bank,51965.55823981252,1,56,US,I,bank
892,C_892,87656.71,US,I,true,bank,87656.70607531667,1,56,US,I,bank
893,C_893,93177.16,US,I,true,bank,93177.15791274144,2,58,US,I,bank
894,C_894,71233.87,US,I,false,bank,71233.86931133317,2,58,US,I,bank
895,C_895,90039.94,US,I,false,bank,90039.93726894315,3,56,US,I,bank
896,C_896,77327.17,US,I,false,bank,77327.16540783684,3,56,US,I,bank
897,C_897,54659.04,US,I,false,bank,54659.04479561279,3,57,US,I,bank
898,C_898,56437.67,US,I,false,bank,56437.66646867733,4,57,US,I,bank
899,C_899,55130.45,US,I,false,bank,55130.44513617239,0,58,US,I,bank
900,C_900,88214.75,US,I,false,bank,88214.74588286366,1,57,US,I,bank
901,C_901,76064.64,US,I,false,bank,76064.64027213148,3,57,US,I,bank
902,C_902,95330.29,US,I,false,bank,95330.29415085257,2,59,US,I,bank
903,C_903,57685.95,US,I,false,bank,57685.94723926697,0,56,US,I,bank
904,C_904,82516.33,US,I,false,bank,82516.33367479895,4,58,US,I,bank
905,C_905,54754.63,US,I,false,bank,54754.63067801727,1,58,US,I,bank
906,C_906,62654.10,US,I,false,bank,62654.097989682145,0,58,US,I,bank
907,C_907,86093.82,US,I,false,bank,86093.81656541162,2,59,US,I,bank
908,C_908,94134.39,US,I,false,bank,94134.39364800278,2,59,US,I,bank
909,C_909,96177.52,US,I,false,bank,96177.52198250561,0,57,US,I,bank
910,C_910,87826.76,US,I,false,bank,87826.75905894092,0,56,US,I,bank
911,C_911,87731.46,US,I,false,bank,87731.46331918081,1,56,US,I,bank
912,C_912,96747.72,US,I,false,bank,96747.71629881185,2,60,US,I,bank
913,C_913,89675.69,US,I,false,bank,89675.69318263291,2,57,US,I,bank
914,C_914,97075.43,US,I,true,bank,97075.4306576004,0,60,US,I,bank
915,C_915,88098.48,US,I,true,bank,88098.47733394915,1,60,US,I,bank
916,C_916,63385.54,US,I,true,bank,63385.54079379449,4,59,US,I,bank
917,C_917,79642.88,US,I,false,bank,79642.87762685327,2,60,US,I,bank
918,C_918,53113.69,US,I,true,bank,53113.69219679638,4,58,US,I,bank
919,C_919,62303.82,US,I,true,bank,62303.81738932235,4,60,US,I,bank
920,C_920,94256.37,US,I,false,bank,94256.37212805601,1,58,US,I,bank
921,C_921,70238.49,US,I,true,bank,70238.48886794067,2,57,US,I,bank
922,C_922,70509.51,US,I,true,bank,70509.51436125164,0,58,US,I,bank
923,C_923,82252.21,US,I,false,bank,82252.20792740413,0,59,US,I,bank
924,C_924,92985.91,US,I,false,bank,92985.9145200401,4,56,US,I,bank
925,C_925,51111.99,US,I,false,bank,51111.98914227847,4,58,US,I,bank
926,C_926,83103.07,US,I,true,bank,83103.07084940109,0,56,US,I,bank
927,C_927,87557.71,US,I,false,bank,87557.71498155392,2,59,US,I,bank
928,C_928,52356.62,US,I,true,bank,52356.61831080432,0,59,US,I,bank
929,C_929,67550.32,US,I,false,bank,67550.31909337614,0,56,US,I,bank
930,C_930,68956.76,US,I,true,bank,68956.76256962247,3,56,US,I,bank
931,C_931,93932.57,US,I,false,bank,93932.57179060671,2,57,US,I,bank
932,C_932,86439.91,US,I,false,bank,86439.91027059269,3,57,US,I,bank
933,C_933,74347.35,US,I,true,bank,74347.3532303407,3,58,US,I,bank
934,C_934,95788.22,US,I,true,bank,95788.2224800327,1,60,US,I,bank
935,C_935,62034.19,US,I,true,bank,62034.1910272589,0,56,US,I,bank
936,C_936,88233.07,US,I,true,bank,88233.06724852786,4,57,US,I,bank
937,C_937,75920.43,US,I,false,bank,75920.42802614023,3,56,US,I,bank
938,C_938,80898.66,US,I,false,bank,80898.66308587902,4,57,US,I,bank
939,C_939,75363.02,US,I,false,bank,75363.01733095234,3,57,US,I,bank
940,C_940,62081.42,US,I,true,bank,62081.41970793039,4,58,US,I,bank
941,C_941,96096.71,US,I,false,bank,96096.70530922909,2,60,US,I,bank
942,C_942,69921.61,US,I,false,bank,69921.61417067792,3,56,US,I,bank
943,C_943,98859.77,US,I,false,bank,98859.76706816873,2,59,US,I,bank
944,C_944,80057.08,US,I,false,bank,80057.07512895449,2,59,US,I,bank
945,C_945,57140.04,US,I,true,bank,57140.03758154066,1,57,US,I,bank
946,C_946,98930.68,US,I,false,bank,98930.68284143489,2,58,US,I,bank
947,C_947,67516.90,US,I,false,bank,67516.90483049244,3,60,US,I,bank
948,C_948,64706.58,US,I,false,bank,64706.57758981865,3,60,US,I,bank
949,C_949,64685.25,US,I,true,bank,64685.247967146744,0,56,US,I,bank
950,C_950,87758.74,US,I,false,bank,87758.74251143259,1,59,US,I,bank
951,C_951,74019.50,US,I,false,bank,74019.50233222969,2,59,US,I,bank
952,C_952,57584.34,US,I,true,bank,57584.34378385541,0,59,US,I,bank
953,C_953,95252.27,US,I,false,bank,95252.26930279401,4,58,US,I,bank
954,C_954,57456.48,US,I,false,bank,57456.483560973305,4,60,US,I,bank
955,C_955,76491.20,US,I,false,bank,76491.19935470645,2,58,US,I,bank
956,C_956,73609.25,US,I,true,bank,73609.25185331976,0,57,US,I,bank
957,C_957,68046.33,US,I,true,bank,68046.3347556204,1,59,US,I,bank
958,C_958,67760.34,US,I,false,bank,67760.33669370963,2,58,US,I,bank
959,C_959,53434.05,US,I,false,bank,53434.05354709229,3,56,US,I,bank
960,C_960,93213.72,US,I,true,bank,93213.72072947896,3,57,US,I,bank
961,C_961,63911.73,US,I,true,bank,63911.725788887205,2,58,US,I,bank
962,C_962,63898.08,US,I,false,bank,63898.0822336448,3,57,US,I,bank
963,C_963,91707.26,US,I,false,bank,91707.26090571677,3,60,US,I,bank
964,C_964,66976.37,US,I,false,bank,66976.36976553037,3,56,US,I,bank
965,C_965,66346.13,US,I,false,bank,66346.13461794243,0,56,US,I,bank
966,C_966,63205.40,US,I,true,bank,63205.39979978654,1,58,US,I,bank
967,C_967,77129.83,US,I,false,bank,77129.8332966,0,60,US,I,bank
968,C_968,60367.17,US,I,false,bank,60367.171337387204,3,56,US,I,bank
969,C_969,96385.27,US,I,false,bank,96385.26925737204,2,59,US,I,bank
970,C_970,53195.87,US,I,false,bank,53195.865090285915,4,58,US,I,bank
971,C_971,55560.08,US,I,false,bank,55560.078029586264,1,56,US,I,bank
972,C_972,61768.19,US,I,false,bank,61768.194585120174,3,60,US,I,bank
973,C_973,64186.65,US,I,true,bank,64186.646051159274,2,56,US,I,bank
974,C_974,93471.34,US,I,false,bank,93471.33655150374,2,57,US,I,bank
975,C_975,69444.55,US,I,false,bank,69444.54712414421,3,60,US,I,bank
976,C_976,91235.12,US,I,true,bank,91235.1172472508,2,59,US,I,bank
977,C_977,70579.71,US,I,false,bank,70579.71006027075,2,56,US,I,bank
978,C_978,99775.94,US,I,false,bank,99775.94000313137,0,56,US,I,bank
979,C_979,92514.17,US,I,false,bank,92514.17117021375,0,60,US,I,bank
980,C_980,93578.85,US,I,true,bank,93578.84708490947,1,57,US,I,bank
981,C_981,94827.12,US,I,false,bank,94827.12166071568,1,58,US,I,bank
982,C_982,99990.28,US,I,false,bank,99990.27656948543,4,60,US,I,bank
983,C_983,55001.21,US,I,false,bank,55001.211307293015,4,59,US,I,bank
984,C_984,79224.36,US,I,false,bank,79224.36352578881,0,59,US,I,bank
985,C_985,78297.83,US,I,false,bank,78297.83214188587,0,57,US,I,bank
986,C_986,86373.52,US,I,false,bank,86373.51562607304,2,57,US,I,bank
987,C_987,63136.05,US,I,true,bank,63136.05414558864,2,58,US,I,bank
988,C_988,78486.25,US,I,false,bank,78486.25486810523,3,56,US,I,bank
989,C_989,69310.69,US,I,false,bank,69310.69215498619,4,56,US,I,bank
990,C_990,71613.69,US,I,false,bank,71613.69033209184,1,59,US,I,bank
991,C_991,78605.49,US,I,false,bank,78605.48992067839,0,57,US,I,bank
992,C_992,54716.20,US,I,false,bank,54716.20106153946,0,58,US,I,bank
993,C_993,93185.72,US,I,true,bank,93185.72222660524,4,58,US,I,bank
994,C_994,80918.89,US,I,true,bank,80918.89212405506,2,57,US,I,bank
995,C_995,71479.33,US,I,true,bank,71479.32855560834,3,58,US,I,bank
996,C_996,77112.96,US,I,true,bank,77112.9562922027,4,58,US,I,bank
997,C_997,86171.15,US,I,false,bank,86171.15197627536,3,57,US,I,bank
998,C_998,56408.78,US,I,false,bank,56408.77606513609,3,57,US,I,bank
999,C_999,64921.84,US,I,false,bank,64921.83891387474,3,60,US,I,bank
1000,C_1000,88707.66,US,I,false,bank,88707.66357265631,1,58,US,I,bank
1001,C_1001,82089.73,US,I,true,bank,82089.73130615371,4,56,US,I,bank
1002,C_1002,97543.13,US,I,true,bank,97543.13358198103,4,56,US,I,bank
1003,C_1003,73028.66,US,I,true,bank,73028.65900986726,1,60,US,I,bank
1004,C_1004,70034.09,US,I,true,bank,70034.09491152396,2,60,US,I,bank
1005,C_1005,74904.49,US,I,false,bank,74904.49343987572,0,57,US,I,bank
1006,C_1006,63966.65,US,I,true,bank,63966.64956518686,2,58,US,I,bank
1007,C_1007,99291.32,US,I,true,bank,99291.32043586636,0,58,US,I,bank
1008,C_1008,57990.62,US,I,true,bank,57990.62371371953,2,58,US,I,bank
1009,C_1009,91441.27,US,I,true,bank,91441.2651551075,2,59,US,I,bank
1010,C_1010,57436.04,US,I,false,bank,57436.03869010002,2,59,US,I,bank
1011,C_1011,97856.67,US,I,false,bank,97856.66547315582,0,56,US,I,bank
1012,C_1012,75203.59,US,I,true,bank,75203.59198497263,1,58,US,I,bank
1013,C_1013,73800.61,US,I,false,bank,73800.60630475596,1,59,US,I,bank
1014,C_1014,79229.44,US,I,false,bank,79229.43680779164,4,59,US,I,bank
1015,C_1015,65649.42,US,I,true,bank,65649.42010501314,0,59,US,I,bank
1016,C_1016,58911.66,US,I,true,bank,58911.6556671614,2,58,US,I,bank
1017,C_1017,59464.40,US,I,false,bank,59464.395628193335,4,57,US,I,bank
1018,C_1018,83525.09,US,I,false,bank,83525.09439835837,0,56,US,I,bank
1019,C_1019,74976.27,US,I,true,bank,74976.27366217882,3,57,US,I,bank
1020,C_1020,74956.07,US,I,false,bank,74956.07386482536,4,58,US,I,bank
1021,C_1021,84065.09,US,I,false,bank,84065.09142274628,4,57,US,I,bank
1022,C_1022,80222.07,US,I,false,bank,80222.06874796866,1,59,US,I,bank
1023,C_1023,50162.54,US,I,false,bank,50162.53992583656,1,57,US,I,bank
1024,C_1024,89119.84,US,I,false,bank,89119.83884829014,0,59,US,I,bank
1025,C_1025,56610.28,US,I,false,bank,56610.27596996112,1,58,US,I,bank
1026,C_1026,81344.17,US,I,true,bank,81344.17056296756,3,56,US,I,bank
1027,C_1027,84666.45,US,I,false,bank,84666.44964675058,2,59,US,I,bank
1028,C_1028,57356.12,US,I,false,bank,57356.115041859564,4,60,US,I,bank
1029,C_1029,53704.78,US,I,false,bank,53704.77629116185,3,58,US,I,bank
1030,C_1030,89828.65,US,I,false,bank,89828.6507682419,4,60,US,I,bank
1031,C_1031,85451.49,US,I,false,bank,85451.48665676944,3,59,US,I,bank
1032,C_1032,93335.89,US,I,true,bank,93335.88932036117,4,57,US,I,bank
1033,C_1033,58356.73,US,I,true,bank,58356.730351002894,2,58,US,I,bank
1034,C_1034,77047.73,US,I,true,bank,77047.73147929294,4,57,US,I,bank
1035,C_1035,78676.68,US,I,false,bank,78676.68190788502,3,60,US,I,bank
1036,C_1036,80108.12,US,I,true,bank,80108.12148220788,2,60,US,I,bank
1037,C_1037,63452.40,US,I,false,bank,63452.398468515305,2,59,US,I,bank
1038,C_1038,99330.53,US,I,false,bank,99330.52656128875,1,57,US,I,bank
1039,C_1039,51766.99,US,I,false,bank,51766.99087204682,1,57,US,I,bank
1040,C_1040,70591.95,US,I,false,bank,70591.94919269648,4,57,US,I,bank
1041,C_1041,82674.20,US,I,true,bank,82674.2016035757,3,60,US,I,bank
1042,C_1042,71014.86,US,I,false,bank,71014.85728100302,3,57,US,I,bank
1043,C_1043,78091.28,US,I,true,bank,78091.28273726559,4,60,US,I,bank
1044,C_1044,80581.53,US,I,false,bank,80581.52624691428,1,58,US,I,bank
1045,C_1045,58302.16,US,I,false,bank,58302.156625054406,3,58,US,I,bank
1046,C_1046,79819.54,US,I,true,bank,79819.54219410279,3,56,US,I,bank
1047,C_1047,60304.31,US,I,false,bank,60304.30891840007,2,56,US,I,bank
1048,C_1048,54786.90,US,I,false,bank,54786.90287937028,2,58,US,I,bank
1049,C_1049,87471.43,US,I,true,bank,87471.43203890779,0,56,US,I,bank
1050,C_1050,65274.01,US,I,false,bank,65274.00922251107,1,56,US,I,bank
1051,C_1051,63431.26,US,I,false,bank,63431.263397134135,1,59,US,I,bank
1052,C_1052,81585.27,US,I,false,bank,81585.27196956845,4,56,US,I,bank
1053,C_1053,84975.05,US,I,true,bank,84975.05159489074,3,59,US,I,bank
1054,C_1054,82078.26,US,I,false,bank,82078.25634242213,3,57,US,I,bank
1055,C_1055,96000.42,US,I,false,bank,96000.41670662485,2,60,US,I,bank
1056,C_1056,59438.05,US,I,true,bank,59438.053811825375,3,58,US,I,bank
1057,C_1057,81745.77,US,I,true,bank,81745.7692781666,1,59,US,I,bank
1058,C_1058,79133.93,US,I,true,bank,79133.93353109044,2,59,US,I,bank
1059,C_1059,80398.06,US,I,true,bank,80398.05884550435,3,57,US,I,bank
1060,C_1060,51900.84,US,I,false,bank,51900.84119745795,0,58,US,I,bank
1061,C_1061,82262.91,US,I,false,bank,82262.90759966148,1,57,US,I,bank
1062,C_1062,96594.61,US,I,false,bank,96594.60812832168,3,58,US,I,bank
1063,C_1063,90696.78,US,I,false,bank,90696.77879396669,4,57,US,I,bank
1064,C_1064,82937.90,US,I,false,bank,82937.89797402424,2,57,US,I,bank
1065,C_1065,75010.53,US,I,false,bank,75010.52825616524,2,60,US,I,bank
1066,C_1066,84294.52,US,I,false,bank,84294.52134659984,3,56,US,I,bank
1067,C_1067,70557.09,US,I,false,bank,70557.08694240885,3,59,US,I,bank
1068,C_1068,61251.85,US,I,false,bank,61251.84627482585,2,56,US,I,bank
1069,C_1069,53659.63,US,I,true,bank,53659.63203313884,2,60,US,I,bank
1070,C_1070,68795.47,US,I,false,bank,68795.4721267893,3,58,US,I,bank
1071,C_1071,84035.43,US,I,false,bank,84035.42861029404,2,57,US,I,bank
1072,C_1072,59254.27,US,I,false,bank,59254.274353255656,1,56,US,I,bank
1073,C_1073,93445.24,US,I,true,bank,93445.24455330393,2,60,US,I,bank
1074,C_1074,96893.84,US,I,false,bank,96893.84008490633,1,58,US,I,bank
1075,C_1075,53216.90,US,I,false,bank,53216.898414509946,3,58,US,I,bank
1076,C_1076,77861.27,US,I,false,bank,77861.27158021962,2,58,US,I,bank
1077,C_1077,95479.44,US,I,true,bank,95479.4394682963,0,57,US,I,bank
1078,C_1078,86050.35,US,I,false,bank,86050.35439459723,1,59,US,I,bank
1079,C_1079,91206.88,US,I,false,bank,91206.87613305348,0,59,US,I,bank
1080,C_1080,72932.12,US,I,false,bank,72932.11863396695,2,57,US,I,bank
1081,C_1081,98280.95,US,I,false,bank,98280.9547596933,4,57,US,I,bank
1082,C_1082,60264.11,US,I,false,bank,60264.1106889646,2,57,US,I,bank
1083,C_1083,79941.44,US,I,false,bank,79941.43530278573,2,60,US,I,bank
1084,C_1084,95549.92,US,I,false,bank,95549.91605610271,0,57,US,I,bank
1085,C_1085,63945.93,US,I,false,bank,63945.930595073856,1,59,US,I,bank
1086,C_1086,86661.68,US,I,true,bank,86661.67637847167,4,60,US,I,bank
1087,C_1087,56245.70,US,I,false,bank,56245.70470622702,2,60,US,I,bank
1088,C_1088,50397.90,US,I,false,bank,50397.90376057819,2,59,US,I,bank
1089,C_1089,88777.60,US,I,true,bank,88777.59536522676,0,56,US,I,bank
1090,C_1090,52337.38,US,I,true,bank,52337.3809475103,1,58,US,I,bank
1091,C_1091,70021.11,US,I,true,bank,70021.10668475414,3,58,US,I,bank
1092,C_1092,76526.84,US,I,true,bank,76526.84084439561,2,60,US,I,bank
1093,C_1093,66702.31,US,I,false,bank,66702.31170306061,1,56,US,I,bank
1094,C_1094,72024.64,US,I,false,bank,72024.63830193307,2,56,US,I,bank
1095,C_1095,82455.88,US,I,false,bank,82455.88051738986,1,56,US,I,bank
1096,C_1096,93608.33,US,I,false,bank,93608.33173139808,4,56,US,I,bank
1097,C_1097,50284.54,US,I,false,bank,50284.53615945963,1,57,US,I,bank
1098,C_1098,55574.82,US,I,false,bank,55574.81903207223,2,59,US,I,bank
1099,C_1099,70777.39,US,I,true,bank,70777.38772554311,1,57,US,I,bank
1100,C_1100,65644.93,US,I,true,bank,65644.92996412613,4,60,US,I,bank
1101,C_1101,83039.26,US,I,false,bank,83039.26401452483,3,57,US,I,bank
1102,C_1102,70570.82,US,I,true,bank,70570.81609717762,2,57,US,I,bank
1103,C_1103,60019.54,US,I,false,bank,60019.54406720049,4,57,US,I,bank
1104,C_1104,84293.48,US,I,false,bank,84293.48202714731,4,59,US,I,bank
1105,C_1105,78234.69,US,I,false,bank,78234.69381645533,0,59,US,I,bank
1106,C_1106,90583.54,US,I,true,bank,90583.54266764545,0,57,US,I,bank
1107,C_1107,59072.39,US,I,true,bank,59072.3853461804,4,60,US,I,bank
1108,C_1108,79054.68,US,I,true,bank,79054.67867831296,1,59,US,I,bank
1109,C_1109,55518.74,US,I,false,bank,55518.74001378041,2,60,US,I,bank
1110,C_1110,54152.23,US,I,true,bank,54152.22777111417,2,59,US,I,bank
1111,C_1111,70588.26,US,I,false,bank,70588.26011828618,3,57,US,I,bank
1112,C_1112,79896.63,US,I,true,bank,79896.63087714545,3,56,US,I,bank
1113,C_1113,61172.05,US,I,true,bank,61172.04624197768,0,57,US,I,bank
1114,C_1114,50941.44,US,I,false,bank,50941.43616666518,2,56,US,I,bank
1115,C_1115,69451.34,US,I,false,bank,69451.33809512494,0,58,US,I,bank
1116,C_1116,95273.52,US,I,false,bank,95273.51604735936,0,57,US,I,bank
1117,C_1117,61521.71,US,I,false,bank,61521.713393234175,0,59,US,I,bank
1118,C_1118,76233.45,US,I,false,bank,76233.45137807925,2,58,US,I,bank
1119,C_1119,68395.52,US,I,false,bank,68395.52328559353,3,57,US,I,bank
1120,C_1120,84899.60,US,I,false,bank,84899.60056688625,1,58,US,I,bank
1121,C_1121,82108.89,US,I,false,bank,82108.89254103214,1,57,US,I,bank
1122,C_1122,75039.40,US,I,false,bank,75039.39689847699,0,56,US,I,bank
1123,C_1123,80347.18,US,I,false,bank,80347.18111809957,0,58,US,I,bank
1124,C_1124,95833.43,US,I,false,bank,95833.42794839483,1,58,US,I,bank
1125,C_1125,81450.73,US,I,true,bank,81450.7287373608,2,60,US,I,bank
1126,C_1126,82529.11,US,I,false,bank,82529.10502914593,1,58,US,I,bank
1127,C_1127,91414.52,US,I,true,bank,91414.51951378232,4,57,US,I,bank
1128,C_1128,72371.58,US,I,true,bank,72371.58033700357,1,59,US,I,bank
1129,C_1129,93839.51,US,I,true,bank,93839.5115648151,1,58,US,I,bank
1130,C_1130,77685.34,US,I,true,bank,77685.33820455777,3,60,US,I,bank
1131,C_1131,88113.88,US,I,false,bank,88113.87995969734,2,58,US,I,bank
1132,C_1132,74572.81,US,I,true,bank,74572.80704208801,1,60,US,I,bank
1133,C_1133,64032.96,US,I,false,bank,64032.95882366916,3,56,US,I,bank
1134,C_1134,83403.26,US,I,true,bank,83403.25571740663,2,57,US,I,bank
1135,C_1135,89256.83,US,I,false,bank,89256.83160230363,3,56,US,I,bank
1136,C_1136,60430.74,US,I,false,bank,60430.74124771202,0,56,US,I,bank
1137,C_1137,93647.38,US,I,false,bank,93647.38149531954,0,59,US,I,bank
1138,C_1138,68036.51,US,I,false,bank,68036.51013211811,4,57,US,I,bank
1139,C_1139,58351.72,US,I,false,bank,58351.723913945825,3,59,US,I,bank
1140,C_1140,98077.69,US,I,false,bank,98077.6934250263,3,59,US,I,bank
1141,C_1141,80664.95,US,I,false,bank,80664.95116116134,2,57,US,I,bank
1142,C_1142,50963.32,US,I,false,bank,50963.31827501781,3,59,US,I,bank
1143,C_1143,90448.24,US,I,false,bank,90448.2376791137,2,56,US,I,bank
1144,C_1144,76301.46,US,I,false,bank,76301.45703426248,0,57,US,I,bank
1145,C_1145,58024.15,US,I,false,bank,58024.15263898832,3,58,US,I,bank
1146,C_1146,88420.02,US,I,true,bank,88420.0247271412,3,56,US,I,bank
1147,C_1147,73455.98,US,I,false,bank,73455.98037576408,1,56,US,I,bank
1148,C_1148,59540.90,US,I,true,bank,59540.90041383958,0,59,US,I,bank
1149,C_1149,90551.76,US,I,false,bank,90551.7608001034,2,57,US,I,bank
1150,C_1150,87363.46,US,I,false,bank,87363.45569237464,3,58,US,I,bank
1151,C_1151,89882.12,US,I,false,bank,89882.12164503588,4,59,US,I,bank
1152,C_1152,66852.56,US,I,false,bank,66852.5557215561,4,57,US,I,bank
1153,C_1153,54033.07,US,I,false,bank,54033.0681119113,2,60,US,I,bank
1154,C_1154,79781.13,US,I,false,bank,79781.12740812908,1,57,US,I,bank
1155,C_1155,68247.17,US,I,false,bank,68247.16908228178,3,60,US,I,bank
1156,C_1156,72597.77,US,I,false,bank,72597.76748459137,3,56,US,I,bank
1157,C_1157,56648.76,US,I,false,bank,56648.75854069361,4,60,US,I,bank
1158,C_1158,54444.25,US,I,false,bank,54444.24767844554,1,59,US,I,bank
1159,C_1159,53473.22,US,I,false,bank,53473.21530474131,2,57,US,I,bank
1160,C_1160,72892.89,US,I,false,bank,72892.88990364659,0,59,US,I,bank
1161,C_1161,78779.12,US,I,false,bank,78779.11512196959,2,59,US,I,bank
1162,C_1162,60589.87,US,I,false,bank,60589.87384206636,4,58,US,I,bank
1163,C_1163,87563.93,US,I,false,bank,87563.9330388384,4,60,US,I,bank
1164,C_1164,67716.76,US,I,false,bank,67716.75711932502,0,58,US,I,bank
1165,C_1165,65589.44,US,I,false,bank,65589.43804188383,3,60,US,I,bank
1166,C_1166,70613.91,US,I,true,bank,70613.90761913518,3,56,US,I,bank
1167,C_1167,88214.44,US,I,false,bank,88214.43751557707,3,59,US,I,bank
1168,C_1168,93040.80,US,I,false,bank,93040.8009072084,2,60,US,I,bank
1169,C_1169,56397.99,US,I,false,bank,56397.99406914944,0,56,US,I,bank
1170,C_1170,99674.16,US,I,false,bank,99674.16426112468,2,59,US,I,bank
1171,C_1171,58350.10,US,I,false,bank,58350.10397872959,4,58,US,I,bank
1172,C_1172,87646.43,US,I,true,bank,87646.43376050546,3,56,US,I,bank
1173,C_1173,92860.70,US,I,false,bank,92860.70295376447,3,57,US,I,bank
1174,C_1174,67355.58,US,I,false,bank,67355.58315564794,1,56,US,I,bank
1175,C_1175,98094.27,US,I,false,bank,98094.27231129349,4,58,US,I,bank
1176,C_1176,78855.23,US,I,true,bank,78855.22584768973,0,57,US,I,bank
1177,C_1177,83985.35,US,I,false,bank,83985.34670477416,2,58,US,I,bank
1178,C_1178,86288.05,US,I,true,bank,86288.05282267598,4,58,US,I,bank
1179,C_1179,70613.75,US,I,false,bank,70613.75144211658,3,59,US,I,bank
1180,C_1180,90587.99,US,I,false,bank,90587.99363489731,0,59,US,I,bank
1181,C_1181,65579.63,US,I,false,bank,65579.63107392461,0,56,US,I,bank
1182,C_1182,94398.77,US,I,false,bank,94398.77396964552,4,58,US,I,bank
1183,C_1183,70996.60,US,I,false,bank,70996.60345356114,4,58,US,I,bank
1184,C_1184,71852.76,US,I,true,bank,71852.75961341162,3,56,US,I,bank
1185,C_1185,84566.87,US,I,true,bank,84566.86638357994,4,57,US,I,bank
1186,C_1186,52528.97,US,I,false,bank,52528.97246267311,4,57,US,I,bank
1187,C_1187,70361.47,US,I,true,bank,70361.47245858959,0,57,US,I,bank
1188,C_1188,80144.09,US,I,true,bank,80144.08635484,2,60,US,I,bank
1189,C_1189,69247.64,US,I,false,bank,69247.64031247105,3,58,US,I,bank
1190,C_1190,89406.72,US,I,true,bank,89406.72137653516,3,59,US,I,bank
1191,C_1191,89798.24,US,I,false,bank,89798.24120549642,4,60,US,I,bank
1192,C_1192,99530.58,US,I,true,bank,99530.58226781478,2,56,US,I,bank
1193,C_1193,94295.90,US,I,true,bank,94295.89754078958,4,56,US,I,bank
1194,C_1194,79098.54,US,I,true,bank,79098.53942695129,3,57,US,I,bank
1195,C_1195,80920.04,US,I,true,bank,80920.0372036455,4,57,US,I,bank
1196,C_1196,72683.42,US,I,false,bank,72683.41676033095,0,57,US,I,bank
1197,C_1197,92558.39,US,I,false,bank,92558.38545932152,4,57,US,I,bank
1198,C_1198,71003.21,US,I,false,bank,71003.20506409634,1,56,US,I,bank
1199,C_1199,95279.70,US,I,false,bank,95279.7036474666,4,56,US,I,bank
1200,C_1200,52768.50,US,I,false,bank,52768.50342065057,0,60,US,I,bank
1201,C_1201,98987.88,US,I,true,bank,98987.87595890366,4,58,US,I,bank
1202,C_1202,90347.62,US,I,false,bank,90347.62301234773,3,58,US,I,bank
1203,C_1203,85785.48,US,I,true,bank,85785.47540139806,2,56,US,I,bank
1204,C_1204,65958.65,US,I,false,bank,65958.6531607884,1,58,US,I,bank
1205,C_1205,57866.32,US,I,false,bank,57866.31623064899,2,59,US,I,bank
1206,C_1206,54365.76,US,I,false,bank,54365.76235295978,3,58,US,I,bank
1207,C_1207,90978.64,US,I,true,bank,90978.63557203446,4,58,US,I,bank
1208,C_1208,51498.67,US,I,false,bank,51498.67375367488,0,56,US,I,bank
1209,C_1209,88862.60,US,I,false,bank,88862.59573570728,3,58,US,I,bank
1210,C_1210,60796.88,US,I,false,bank,60796.880759756285,2,58,US,I,bank
1211,C_1211,97161.16,US,I,true,bank,97161.15814643161,3,57,US,I,bank
1212,C_1212,76282.17,US,I,true,bank,76282.1704069741,3,60,US,I,bank
1213,C_1213,58774.16,US,I,false,bank,58774.164777047234,3,60,US,I,bank
1214,C_1214,63023.28,US,I,false,bank,63023.2784869744,3,59,US,I,bank
1215,C_1215,54996.49,US,I,false,bank,54996.48732986802,4,57,US,I,bank
1216,C_1216,96322.94,US,I,true,bank,96322.9430491179,3,56,US,I,bank
1217,C_1217,62448.72,US,I,false,bank,62448.72161036314,2,60,US,I,bank
1218,C_1218,70020.11,US,I,true,bank,70020.10616299733,1,56,US,I,bank
1219,C_1219,72946.61,US,I,true,bank,72946.61371739305,1,60,US,I,bank
1220,C_1220,92896.46,US,I,false,bank,92896.46376142169,0,60,US,I,bank
1221,C_1221,79208.27,US,I,false,bank,79208.26778194933,2,59,US,I,bank
1222,C_1222,90702.95,US,I,false,bank,90702.94826897662,2,60,US,I,bank
1223,C_1223,73085.96,US,I,false,bank,73085.9603586906,2,56,US,I,bank
1224,C_1224,94646.01,US,I,false,bank,94646.00943693134,0,57,US,I,bank
1225,C_1225,58993.55,US,I,false,bank,58993.55091898877,0,60,US,I,bank
1226,C_1226,95733.90,US,I,false,bank,95733.89693349792,2,60,US,I,bank
1227,C_1227,90234.75,US,I,true,bank,90234.74787043643,4,58,US,I,bank
1228,C_1228,58748.25,US,I,true,bank,58748.24876057938,1,60,US,I,bank
1229,C_1229,94287.15,US,I,false,bank,94287.15210704452,1,59,US,I,bank
1230,C_1230,62656.27,US,I,true,bank,62656.27085808184,0,59,US,I,bank
1231,C_1231,84878.53,US,I,true,bank,84878.52562872591,1,57,US,I,bank
1232,C_1232,93523.06,US,I,false,bank,93523.05930000714,1,58,US,I,bank
1233,C_1233,67892.28,US,I,false,bank,67892.2775228862,4,57,US,I,bank
1234,C_1234,64785.30,US,I,true,bank,64785.29706564123,2,59,US,I,bank
1235,C_1235,55312.40,US,I,true,bank,55312.40418685233,4,59,US,I,bank
1236,C_1236,80514.05,US,I,false,bank,80514.05110088657,1,56,US,I,bank
1237,C_1237,68899.01,US,I,false,bank,68899.0075245499,4,58,US,I,bank
1238,C_1238,73228.67,US,I,false,bank,73228.6704737198,1,57,US,I,bank
1239,C_1239,58436.70,US,I,false,bank,58436.698561044745,0,60,US,I,bank
1240,C_1240,69607.40,US,I,false,bank,69607.39901785497,4,60,US,I,bank
1241,C_1241,85899.08,US,I,false,bank,85899.08146938455,1,59,US,I,bank
1242,C_1242,56527.39,US,I,false,bank,56527.39482131342,2,57,US,I,bank
1243,C_1243,85559.98,US,I,true,bank,85559.97728978755,3,56,US,I,bank
1244,C_1244,97358.91,US,I,false,bank,97358.91120898665,0,60,US,I,bank
1245,C_1245,95744.89,US,I,false,bank,95744.89230951772,3,57,US,I,bank
1246,C_1246,72144.41,US,I,false,bank,72144.40563014198,2,57,US,I,bank
1247,C_1247,56937.81,US,I,false,bank,56937.80966966439,0,60,US,I,bank
1248,C_1248,79696.81,US,I,false,bank,79696.81262460713,4,56,US,I,bank
1249,C_1249,80175.68,US,I,true,bank,80175.68110998045,2,56,US,I,bank
1250,C_1250,96151.22,US,I,false,bank,96151.2202759453,1,59,US,I,bank
1251,C_1251,75629.72,US,I,false,bank,75629.71696255072,0,58,US,I,bank
1252,C_1252,90109.26,US,I,false,bank,90109.25588812602,4,56,US,I,bank
1253,C_1253,65387.78,US,I,false,bank,65387.78350066682,3,57,US,I,bank
1254,C_1254,95329.81,US,I,false,bank,95329.80838564169,2,58,US,I,bank
1255,C_1255,65799.42,US,I,true,bank,65799.41685079376,2,59,US,I,bank
1256,C_1256,66445.75,US,I,false,bank,66445.74872675508,1,57,US,I,bank
1257,C_1257,66034.96,US,I,false,bank,66034.96476322094,4,56,US,I,bank
1258,C_1258,68763.91,US,I,true,bank,68763.9089898497,2,58,US,I,bank
1259,C_1259,90949.63,US,I,false,bank,90949.63300488447,3,58,US,I,bank
1260,C_1260,62726.66,US,I,false,bank,62726.66413394242,0,60,US,I,bank
1261,C_1261,62651.74,US,I,true,bank,62651.741184627754,1,59,US,I,bank
1262,C_1262,92546.34,US,I,false,bank,92546.34286881116,2,58,US,I,bank
1263,C_1263,75076.50,US,I,false,bank,75076.50352212579,4,58,US,I,bank
1264,C_1264,96435.73,US,I,false,bank,96435.72601164554,4,60,US,I,bank
1265,C_1265,74652.78,US,I,false,bank,74652.77925933688,4,60,US,I,bank
1266,C_1266,91268.69,US,I,true,bank,91268.68950296337,0,57,US,I,bank
1267,C_1267,88644.80,US,I,true,bank,88644.79623177847,3,58,US,I,bank
1268,C_1268,56673.02,US,I,true,bank,56673.02105504918,1,59,US,I,bank
1269,C_1269,50638.95,US,I,true,bank,50638.95396443983,3,60,US,I,bank
1270,C_1270,63309.61,US,I,false,bank,63309.6129950952,4,57,US,I,bank
1271,C_1271,67065.03,US,I,false,bank,67065.03153232601,0,56,US,I,bank
1272,C_1272,51981.42,US,I,false,bank,51981.42115655375,2,60,US,I,bank
1273,C_1273,97610.69,US,I,false,bank,97610.68782001841,3,58,US,I,bank
1274,C_1274,75878.19,US,I,true,bank,75878.19160282242,0,58,US,I,bank
1275,C_1275,75995.31,US,I,true,bank,75995.31022071424,0,58,US,I,bank
1276,C_1276,94678.17,US,I,true,bank,94678.17393086849,4,59,US,I,bank
1277,C_1277,91983.56,US,I,true,bank,91983.55824067796,0,56,US,I,bank
1278,C_1278,76095.24,US,I,false,bank,76095.24109821295,3,57,US,I,bank
1279,C_1279,53596.18,US,I,false,bank,53596.17799527799,3,57,US,I,bank
1280,C_1280,71527.04,US,I,false,bank,71527.04231828926,2,57,US,I,bank
1281,C_1281,82751.73,US,I,true,bank,82751.73464344388,3,59,US,I,bank
1282,C_1282,55307.72,US,I,true,bank,55307.72427543096,4,59,US,I,bank
1283,C_1283,86283.90,US,I,false,bank,86283.89767760132,0,60,US,I,bank
1284,C_1284,62815.48,US,I,false,bank,62815.475645822204,0,57,US,I,bank
1285,C_1285,57316.24,US,I,true,bank,57316.2392420322,3,58,US,I,bank
1286,C_1286,92138.99,US,I,false,bank,92138.99370980632,2,58,US,I,bank
1287,C_1287,98068.08,US,I,true,bank,98068.07717736572,1,56,US,I,bank
1288,C_1288,53761.32,US,I,true,bank,53761.3239762288,4,59,US,I,bank
1289,C_1289,60663.04,US,I,false,bank,60663.04441302052,2,60,US,I,bank
1290,C_1290,95371.14,US,I,true,bank,95371.14138752161,1,57,US,I,bank
1291,C_1291,69678.65,US,I,false,bank,69678.64542890398,2,58,US,I,bank
1292,C_1292,99722.15,US,I,true,bank,99722.15014091964,0,58,US,I,bank
1293,C_1293,60671.54,US,I,false,bank,60671.54366474229,0,60,US,I,bank
1294,C_1294,70143.83,US,I,true,bank,70143.833067681,3,57,US,I,bank
1295,C_1295,78334.69,US,I,true,bank,78334.69434920509,0,56,US,I,bank
1296,C_1296,65558.58,US,I,false,bank,65558.57910733057,0,60,US,I,bank
1297,C_1297,65664.32,US,I,false,bank,65664.31514400266,3,56,US,I,bank
1298,C_1298,86114.80,US,I,true,bank,86114.79729625519,1,59,US,I,bank
1299,C_1299,70849.35,US,I,false,bank,70849.3496964769,4,59,US,I,bank
1300,C_1300,51280.24,US,I,false,bank,51280.244521426386,0,56,US,I,bank
1301,C_1301,79221.25,US,I,false,bank,79221.25138878741,1,56,US,I,bank
1302,C_1302,69765.48,US,I,false,bank,69765.48284939717,4,56,US,I,bank
1303,C_1303,54906.51,US,I,false,bank,54906.514650993755,1,58,US,I,bank
1304,C_1304,61910.78,US,I,false,bank,61910.7767124365,4,56,US,I,bank
1305,C_1305,59571.69,US,I,false,bank,59571.69244580954,2,57,US,I,bank
1306,C_1306,90721.78,US,I,false,bank,90721.78476786833,3,57,US,I,bank
1307,C_1307,51260.98,US,I,false,bank,51260.975391804444,1,58,US,I,bank
1308,C_1308,69342.79,US,I,false,bank,69342.78848597413,4,59,US,I,bank
1309,C_1309,79554.29,US,I,true,bank,79554.29109265705,3,58,US,I,bank
1310,C_1310,96321.90,US,I,false,bank,96321.90141990106,4,56,US,I,bank
1311,C_1311,98712.97,US,I,false,bank,98712.96915592655,3,59,US,I,bank
1312,C_1312,65241.62,US,I,false,bank,65241.61719476046,1,56,US,I,bank
1313,C_1313,76619.36,US,I,true,bank,76619.36258642089,2,60,US,I,bank
1314,C_1314,59338.13,US,I,true,bank,59338.12638788153,1,58,US,I,bank
1315,C_1315,91273.97,US,I,true,bank,91273.97020924617,3,56,US,I,bank
1316,C_1316,57331.10,US,I,true,bank,57331.10026232581,3,57,US,I,bank
1317,C_1317,89943.00,US,I,true,bank,89942.99612868598,0,57,US,I,bank
1318,C_1318,83077.70,US,I,true,bank,83077.7038979235,0,60,US,I,bank
1319,C_1319,60873.51,US,I,false,bank,60873.509303937164,0,56,US,I,bank
1320,C_1320,83407.75,US,I,false,bank,83407.74791987348,0,56,US,I,bank
1321,C_1321,76718.08,US,I,false,bank,76718.0827726463,1,59,US,I,bank
1322,C_1322,70389.35,US,I,false,bank,70389.35275495202,3,58,US,I,bank
1323,C_1323,50927.41,US,I,false,bank,50927.408647787655,0,60,US,I,bank
1324,C_1324,79588.96,US,I,false,bank,79588.95887056594,1,60,US,I,bank
1325,C_1325,80865.80,US,I,false,bank,80865.80262639301,0,59,US,I,bank
1326,C_1326,57613.61,US,I,false,bank,57613.610315368205,0,60,US,I,bank
1327,C_1327,92661.08,US,I,false,bank,92661.07869069741,0,59,US,I,bank
1328,C_1328,93279.34,US,I,true,bank,93279.34029316826,2,60,US,I,bank
1329,C_1329,74451.15,US,I,false,bank,74451.15343921269,0,60,US,I,bank
1330,C_1330,97440.09,US,I,false,bank,97440.08803344276,0,56,US,I,bank
1331,C_1331,64026.67,US,I,false,bank,64026.67489269658,0,60,US,I,bank
1332,C_1332,99191.23,US,I,false,bank,99191.23126276852,1,57,US,I,bank
1333,C_1333,68992.37,US,I,false,bank,68992.36504101793,3,57,US,I,bank
1334,C_1334,75371.58,US,I,false,bank,75371.57738586936,2,57,US,I,bank
1335,C_1335,81700.98,US,I,false,bank,81700.98009921334,2,58,US,I,bank
1336,C_1336,75331.19,US,I,true,bank,75331.19261905778,3,58,US,I,bank
1337,C_1337,84565.31,US,I,false,bank,84565.31158886521,3,58,US,I,bank
1338,C_1338,52295.65,US,I,true,bank,52295.64568133803,1,59,US,I,bank
1339,C_1339,50939.45,US,I,false,bank,50939.44987756771,2,60,US,I,bank
1340,C_1340,67235.68,US,I,true,bank,67235.68062214612,3,56,US,I,bank
1341,C_1341,52127.56,US,I,true,bank,52127.56121790411,4,57,US,I,bank
1342,C_1342,62714.45,US,I,false,bank,62714.44837630969,3,60,US,I,bank
1343,C_1343,59923.56,US,I,false,bank,59923.55839581832,0,58,US,I,bank
1344,C_1344,77104.96,US,I,false,bank,77104.96206044813,0,59,US,I,bank
1345,C_1345,82199.20,US,I,false,bank,82199.19518711335,3,57,US,I,bank
1346,C_1346,94224.49,US,I,false,bank,94224.49221953168,2,58,US,I,bank
1347,C_1347,74791.04,US,I,false,bank,74791.04009310227,1,56,US,I,bank
1348,C_1348,95213.88,US,I,false,bank,95213.88099636897,4,59,US,I,bank
1349,C_1349,88455.82,US,I,false,bank,88455.81901618326,4,58,US,I,bank
1350,C_1350,80944.45,US,I,false,bank,80944.45491293684,2,56,US,I,bank
1351,C_1351,91857.53,US,I,true,bank,91857.52985941668,0,57,US,I,bank
1352,C_1352,52573.33,US,I,true,bank,52573.32790797549,1,56,US,I,bank
1353,C_1353,62169.77,US,I,false,bank,62169.76959366426,1,58,US,I,bank
1354,C_1354,90554.73,US,I,false,bank,90554.72564606092,2,57,US,I,bank
1355,C_1355,76158.33,US,I,false,bank,76158.32694906455,4,57,US,I,bank
1356,C_1356,51864.41,US,I,false,bank,51864.41355345934,4,60,US,I,bank
1357,C_1357,68006.58,US,I,false,bank,68006.57533761066,0,56,US,I,bank
1358,C_1358,72950.59,US,I,false,bank,72950.5907512197,2,58,US,I,bank
1359,C_1359,83461.10,US,I,false,bank,83461.09916626531,2,58,US,I,bank
1360,C_1360,83857.85,US,I,false,bank,83857.85418072462,4,59,US,I,bank
1361,C_1361,80910.38,US,I,false,bank,80910.38345978672,4,56,US,I,bank
1362,C_1362,87053.95,US,I,false,bank,87053.95059072773,1,56,US,I,bank
1363,C_1363,71193.85,US,I,false,bank,71193.85489041099,2,60,US,I,bank
1364,C_1364,57890.00,US,I,false,bank,57889.99802135311,3,60,US,I,bank
1365,C_1365,97615.05,US,I,true,bank,97615.05282114711,4,59,US,I,bank
1366,C_1366,50369.64,US,I,true,bank,50369.636547814516,0,56,US,I,bank
1367,C_1367,72895.34,US,I,false,bank,72895.34371295241,1,56,US,I,bank
1368,C_1368,55432.69,US,I,false,bank,55432.68741891802,3,60,US,I,bank
1369,C_1369,57763.69,US,I,true,bank,57763.68882926855,3,56,US,I,bank
1370,C_1370,75321.70,US,I,false,bank,75321.70326153087,3,60,US,I,bank
1371,C_1371,72275.37,US,I,false,bank,72275.36731648394,4,56,US,I,bank
1372,C_1372,66665.94,US,I,false,bank,66665.93719726994,3,56,US,I,bank
1373,C_1373,61906.93,US,I,false,bank,61906.93390549188,0,60,US,I,bank
1374,C_1374,65538.23,US,I,false,bank,65538.22571564307,3,56,US,I,bank
1375,C_1375,81211.77,US,I,false,bank,81211.77023554302,2,56,US,I,bank
1376,C_1376,75636.19,US,I,false,bank,75636.18967919634,0,60,US,I,bank
1377,C_1377,54166.03,US,I,false,bank,54166.03043196541,1,58,US,I,bank
1378,C_1378,59795.38,US,I,true,bank,59795.38451539053,0,58,US,I,bank
1379,C_1379,57498.02,US,I,false,bank,57498.017568764095,3,59,US,I,bank
1380,C_1380,52751.75,US,I,false,bank,52751.74520486672,0,59,US,I,bank
1381,C_1381,58562.57,US,I,true,bank,58562.5728726978,4,58,US,I,bank
1382,C_1382,70607.40,US,I,false,bank,70607.40308816794,2,58,US,I,bank
1383,C_1383,96570.89,US,I,false,bank,96570.89008169914,1,58,US,I,bank
1384,C_1384,65184.18,US,I,false,bank,65184.175568357896,1,56,US,I,bank
1385,C_1385,85022.90,US,I,false,bank,85022.89858680421,0,59,US,I,bank
1386,C_1386,58397.72,US,I,false,bank,58397.71796951069,3,58,US,I,bank
1387,C_1387,82226.88,US,I,false,bank,82226.88017880441,1,58,US,I,bank
1388,C_1388,89836.98,US,I,false,bank,89836.97819207082,3,57,US,I,bank
1389,C_1389,64608.19,US,I,true,bank,64608.193784923285,1,57,US,I,bank
1390,C_1390,95916.15,US,I,false,bank,95916.1455906829,1,60,US,I,bank
1391,C_1391,71009.35,US,I,true,bank,71009.34669497609,2,57,US,I,bank
1392,C_1392,85212.00,US,I,false,bank,85211.99776318592,4,59,US,I,bank
1393,C_1393,89934.42,US,I,true,bank,89934.4220328157,3,59,US,I,bank
1394,C_1394,66893.63,US,I,false,bank,66893.62601414086,1,59,US,I,bank
1395,C_1395,68707.48,US,I,false,bank,68707.4839430355,3,58,US,I,bank
1396,C_1396,60640.62,US,I,false,bank,60640.6166856904,0,59,US,I,bank
1397,C_1397,50811.61,US,I,false,bank,50811.61148384497,1,56,US,I,bank
1398,C_1398,85354.01,US,I,false,bank,85354.01242279526,2,58,US,I,bank
1399,C_1399,51947.94,US,I,true,bank,51947.94226860699,0,56,US,I,bank
1400,C_1400,78802.44,US,I,true,bank,78802.43639167669,3,56,US,I,bank
1401,C_1401,54518.77,US,I,false,bank,54518.77464135885,4,57,US,I,bank
1402,C_1402,79310.87,US,I,false,bank,79310.86784119922,0,58,US,I,bank
1403,C_1403,91488.84,US,I,false,bank,91488.83587576363,1,59,US,I,bank
1404,C_1404,58093.62,US,I,false,bank,58093.6232856705,3,60,US,I,bank
1405,C_1405,93178.09,US,I,false,bank,93178.08701820942,2,60,US,I,bank
1406,C_1406,82176.68,US,I,true,bank,82176.68022078757,2,56,US,I,bank
1407,C_1407,94528.45,US,I,false,bank,94528.45322292096,0,56,US,I,bank
1408,C_1408,70227.07,US,I,false,bank,70227.07207193643,0,60,US,I,bank
1409,C_1409,66642.72,US,I,false,bank,66642.72498062384,2,56,US,I,bank
1410,C_1410,67037.16,US,I,false,bank,67037.1556104673,0,56,US,I,bank
1411,C_1411,87846.79,US,I,false,bank,87846.7872933138,1,57,US,I,bank
1412,C_1412,71162.27,US,I,false,bank,71162.27444004199,1,57,US,I,bank
1413,C_1413,60240.78,US,I,false,bank,60240.78130861893,1,60,US,I,bank
1414,C_1414,75767.85,US,I,true,bank,75767.84664901937,4,59,US,I,bank
1415,C_1415,69880.69,US,I,false,bank,69880.68602716696,2,59,US,I,bank
1416,C_1416,72987.48,US,I,false,bank,72987.47807318791,4,57,US,I,bank
1417,C_1417,59707.57,US,I,false,bank,59707.56512580679,1,57,US,I,bank
1418,C_1418,60011.54,US,I,false,bank,60011.53789585382,3,59,US,I,bank
1419,C_1419,76968.61,US,I,false,bank,76968.61487058499,4,58,US,I,bank
1420,C_1420,68597.62,US,I,true,bank,68597.61753002598,1,60,US,I,bank
1421,C_1421,50879.20,US,I,false,bank,50879.195120348995,0,57,US,I,bank
1422,C_1422,69486.24,US,I,false,bank,69486.23630046754,2,56,US,I,bank
1423,C_1423,89339.42,US,I,true,bank,89339.41614933268,1,59,US,I,bank
1424,C_1424,72636.73,US,I,true,bank,72636.72838475628,1,57,US,I,bank
1425,C_1425,83476.90,US,I,false,bank,83476.89932514666,4,58,US,I,bank
1426,C_1426,71346.00,US,I,true,bank,71346.00459139554,4,60,US,I,bank
1427,C_1427,89711.47,US,I,false,bank,89711.4698137409,1,58,US,I,bank
1428,C_1428,53135.95,US,I,false,bank,53135.94968159933,0,58,US,I,bank
1429,C_1429,61405.13,US,I,false,bank,61405.13455620642,4,59,US,I,bank
1430,C_1430,89511.63,US,I,false,bank,89511.62878980333,0,57,US,I,bank
1431,C_1431,94569.25,US,I,false,bank,94569.24521096304,4,58,US,I,bank
1432,C_1432,96226.84,US,I,false,bank,96226.83811513164,4,57,US,I,bank
1433,C_1433,80752.04,US,I,false,bank,80752.04444111281,0,58,US,I,bank
1434,C_1434,75091.18,US,I,false,bank,75091.17890537596,2,57,US,I,bank
1435,C_1435,83350.69,US,I,false,bank,83350.68682708242,0,56,US,I,bank
1436,C_1436,66482.82,US,I,false,bank,66482.82006376635,2,59,US,I,bank
1437,C_1437,73464.71,US,I,true,bank,73464.71433087895,4,56,US,I,bank
1438,C_1438,50153.96,US,I,false,bank,50153.959214624054,4,57,US,I,bank
1439,C_1439,91222.84,US,I,false,bank,91222.83959456004,0,60,US,I,bank
1440,C_1440,99942.06,US,I,false,bank,99942.06153950613,0,57,US,I,bank
1441,C_1441,61154.71,US,I,false,bank,61154.70967626845,3,58,US,I,bank
1442,C_1442,80653.04,US,I,false,bank,80653.03620054814,1,59,US,I,bank
1443,C_1443,82049.47,US,I,false,bank,82049.46869105808,3,58,US,I,bank
1444,C_1444,79378.48,US,I,false,bank,79378.48168521978,2,59,US,I,bank
1445,C_1445,72225.92,US,I,true,bank,72225.91751252266,2,59,US,I,bank
