id,src,dst
0,124
0,28
1,341
1,1347
1,27
1,246
1,24
1,15
1,13
1,55
1,125
1,63
2,30
2,115
2,17
2,76
2,18
2,45
2,726
2,43
2,23
2,22
2,643
2,590
2,136
3,17
3,17
3,66
3,20
3,83
3,26
3,85
3,104
3,14
3,14
3,1063
3,16
3,77
3,77
3,235
3,7
3,56
3,27
3,130
3,18
3,375
3,31
3,42
3,88
3,45
3,45
3,45
3,61
3,50
3,11
3,19
3,10
3,10
3,10
3,231
3,982
3,345
3,22
3,35
3,279
3,34
3,183
3,224
3,464
3,276
3,65
3,48
3,48
3,29
3,29
4,38
4,38
4,41
4,98
4,19
4,21
4,21
4,3
4,3
4,371
4,49
4,293
4,29
4,24
4,24
4,68
4,252
4,64
4,528
4,1014
4,53
4,706
4,54
4,54
4,63
4,875
4,719
4,385
4,28
4,100
4,100
4,1208
4,32
4,56
4,2
4,1413
4,136
4,155
4,951
4,85
4,367
4,33
4,116
4,247
4,5
4,168
4,27
4,16
4,40
4,18
4,129
5,90
5,40
5,20
5,49
5,49
5,22
5,22
5,459
5,143
5,964
5,964
5,14
5,14
5,14
5,42
5,27
5,61
5,334
5,15
5,76
5,317
5,548
5,33
5,917
5,388
5,653
5,81
5,26
5,183
5,94
5,2
5,57
5,34
5,363
5,17
5,17
5,309
5,18
5,723
5,51
5,120
5,24
5,226
5,486
5,155
5,35
5,10
5,327
5,104
5,64
6,139
6,66
6,51
6,19
6,288
6,20
6,20
6,20
6,717
6,38
6,38
6,477
6,100
6,29
6,14
6,14
6,10
6,10
6,46
6,46
6,42
6,42
6,603
6,7
6,18
6,226
6,8
6,75
6,94
6,1041
6,1181
6,109
6,705
6,70
6,70
6,173
6,41
6,23
6,23
6,1011
6,11
6,11
6,11
6,36
6,59
6,660
6,48
6,48
6,24
6,24
6,33
6,17
6,96
6,118
6,118
6,52
6,12
6,169
6,1326
6,1320
6,746
6,21
6,37
6,56
6,69
6,54
6,88
6,45
6,553
6,327
6,25
6,22
6,22
6,44
6,32
6,399
6,60
6,85
6,337
6,28
6,191
7,48
7,41
7,85
7,85
7,116
7,27
7,8
7,8
7,13
7,96
7,95
7,571
7,19
7,19
7,19
7,19
7,341
7,31
7,31
7,359
7,454
7,20
7,722
7,368
7,25
7,25
7,1255
7,636
7,143
7,568
7,286
7,314
7,22
7,36
7,146
7,239
7,35
7,42
7,330
7,23
7,76
7,44
7,327
7,279
7,24
7,24
7,24
7,56
7,3
7,105
7,339
7,763
7,59
7,89
7,34
7,12
7,12
7,12
7,12
7,60
7,70
7,470
7,362
7,139
7,139
7,18
7,308
7,53
7,648
7,33
7,654
7,249
7,450
7,47
7,1245
7,69
7,925
7,86
7,16
7,29
7,349
7,1211
8,664
8,21
8,21
8,21
8,85
8,29
8,81
8,1329
8,56
8,56
8,1029
8,27
8,27
8,286
8,75
8,22
8,44
8,44
8,30
8,30
8,99
8,336
8,927
8,191
8,17
8,23
8,7
8,7
8,7
8,345
8,252
8,57
8,77
8,18
8,343
8,10
8,10
8,988
8,483
8,62
8,91
8,48
8,1084
8,58
8,25
8,25
8,52
8,79
8,987
8,43
8,227
8,38
8,251
8,953
8,76
8,112
8,39
8,39
8,705
8,33
8,113
8,613
8,49
8,49
8,11
8,137
8,50
8,539
8,111
8,69
8,36
8,51
8,28
8,248
8,1321
8,223
8,171
8,9
8,105
8,31
8,124
8,961
8,1207
8,566
8,568
9,61
9,61
9,25
9,25
9,714
9,344
9,67
9,77
9,725
9,32
9,32
9,276
9,245
9,108
9,38
9,38
9,40
9,29
9,29
9,83
9,669
9,175
9,102
9,13
9,13
9,48
9,48
9,48
9,34
9,149
9,87
9,153
9,457
9,71
9,36
9,12
9,7
9,7
9,7
9,7
9,20
9,136
9,15
9,35
9,1218
9,101
9,22
9,22
9,1201
9,16
9,39
9,8
9,89
9,84
9,439
9,302
9,131
9,57
9,338
9,26
9,26
9,45
9,1336
9,178
9,202
9,673
9,110
9,976
9,27
9,1010
9,65
9,65
9,82
9,124
9,328
9,198
9,451
9,19
9,139
9,148
9,63
10,29
10,29
10,13
10,996
10,305
10,42
10,42
10,31
10,31
10,31
10,25
10,25
10,158
10,99
10,43
10,43
10,654
10,15
10,15
10,94
10,94
10,76
10,495
10,957
10,303
10,1432
10,942
10,223
10,7
10,135
10,53
10,57
10,57
10,112
10,65
10,85
10,85
10,343
10,34
10,101
10,60
10,26
10,1020
10,44
10,1405
10,14
10,721
10,290
10,216
10,38
10,18
10,18
10,18
10,341
10,123
10,555
10,12
10,35
10,460
10,198
10,1250
10,6
10,40
10,973
10,968
10,36
10,564
10,23
10,23
10,23
10,1393
10,30
10,5
10,5
10,74
10,125
10,970
10,122
10,51
10,41
10,20
10,86
10,8
10,331
10,58
10,27
10,27
10,4
10,1013
10,113
10,98
11,202
11,991
11,338
11,338
11,236
11,30
11,33
11,33
11,33
11,1081
11,71
11,44
11,44
11,44
11,18
11,326
11,89
11,649
11,1070
11,10
11,10
11,647
11,47
11,309
11,986
11,28
11,28
11,454
11,4
11,4
11,57
11,54
11,54
11,54
11,337
11,25
11,25
11,42
11,96
11,8
11,442
11,39
11,39
11,12
11,12
11,32
11,339
11,16
11,112
11,65
11,46
11,46
11,167
11,111
11,286
11,285
11,6
11,72
11,683
11,22
11,23
11,23
11,58
11,26
11,26
11,26
11,83
11,68
11,366
11,60
11,99
11,258
11,634
11,76
11,36
11,36
11,205
11,140
11,31
11,66
11,101
11,34
11,188
11,43
11,748
11,400
11,17
11,20
11,45
11,69
11,1100
11,993
11,1026
12,42
12,30
12,30
12,30
12,986
12,29
12,29
12,895
12,26
12,20
12,20
12,1396
12,1014
12,23
12,23
12,23
12,23
12,23
12,23
12,334
12,334
12,25
12,61
12,33
12,33
12,33
12,137
12,79
12,557
12,455
12,442
12,81
12,81
12,588
12,46
12,126
12,988
12,24
12,24
12,990
12,296
12,1061
12,121
12,13
12,15
12,105
12,41
12,41
12,106
12,117
12,1046
12,131
12,38
12,153
12,711
12,981
12,122
12,1048
12,283
12,180
12,62
12,95
12,140
12,1000
12,475
12,463
12,16
12,16
12,44
12,142
12,47
12,123
12,648
12,191
12,59
12,1085
12,108
12,87
12,27
12,76
12,22
12,49
12,718
12,209
12,60
12,54
12,55
12,149
12,74
12,28
12,224
12,65
13,330
13,34
13,34
13,26
13,26
13,54
13,54
13,54
13,54
13,54
13,305
13,904
13,994
13,104
13,63
13,550
13,18
13,18
13,147
13,242
13,184
13,150
13,1007
13,996
13,24
13,404
13,49
13,17
13,277
13,577
13,945
13,1064
13,19
13,19
13,39
13,39
13,39
13,244
13,45
13,45
13,336
13,35
13,47
13,28
13,89
13,68
13,121
13,958
13,53
13,53
13,14
13,14
13,27
13,29
13,96
13,586
13,56
13,56
13,114
13,46
13,254
13,11
13,325
13,37
13,37
13,22
13,1377
13,702
13,12
13,100
13,44
13,106
13,31
13,363
13,1096
13,94
13,292
13,703
13,41
13,32
13,42
13,452
13,43
13,185
13,52
13,204
13,40
13,384
13,113
13,1257
13,50
13,21
14,24
14,132
14,30
14,141
14,131
14,20
14,20
14,478
14,438
14,17
14,17
14,17
14,117
14,33
14,903
14,221
14,95
14,34
14,34
14,712
14,67
14,1402
14,484
14,28
14,23
14,23
14,328
14,313
14,752
14,81
14,4
14,6
14,22
14,22
14,22
14,52
14,21
14,21
14,21
14,21
14,21
14,69
14,105
14,74
14,15
14,118
14,19
14,19
14,108
14,58
14,29
14,10
14,97
14,583
14,25
14,25
14,25
14,25
14,50
14,50
14,170
14,38
14,94
14,59
14,7
14,104
14,164
14,303
14,558
14,84
14,638
14,545
14,13
14,13
14,46
14,124
14,775
14,40
14,36
14,61
14,44
14,563
14,101
14,60
14,190
14,8
14,153
14,37
14,57
14,997
15,36
15,36
15,27
15,27
15,27
15,27
15,1223
15,26
15,26
15,26
15,37
15,37
15,37
15,941
15,104
15,14
15,14
15,14
15,14
15,760
15,295
15,30
15,30
15,30
15,33
15,73
15,449
15,22
15,22
15,1002
15,176
15,34
15,34
15,34
15,962
15,59
15,47
15,325
15,31
15,31
15,991
15,1248
15,21
15,994
15,312
15,1086
15,12
15,12
15,41
15,41
15,41
15,242
15,39
15,18
15,18
15,18
15,19
15,19
15,98
15,98
15,311
15,311
15,84
15,84
15,729
15,75
15,75
15,149
15,49
15,67
15,10
15,10
15,10
15,25
15,25
15,544
15,8
15,5
15,17
15,17
15,343
15,625
15,391
15,71
15,7
15,1371
15,147
15,43
15,43
15,43
15,51
15,1226
15,40
15,103
15,110
15,139
15,328
15,1004
15,754
15,333
15,101
15,44
15,44
15,99
15,83
15,250
15,74
15,60
15,60
15,162
15,24
15,24
15,322
15,102
15,108
15,50
15,16
15,23
15,23
15,79
15,310
15,95
15,121
15,711
15,111
15,765
15,348
15,247
15,685
15,986
15,341
15,13
15,326
15,48
15,364
15,732
15,93
15,35
15,1032
15,96
16,24
16,24
16,24
16,24
16,18
16,18
16,18
16,18
16,27
16,69
16,76
16,76
16,11
16,11
16,11
16,652
16,17
16,17
16,17
16,80
16,1369
16,58
16,10
16,10
16,10
16,739
16,44
16,54
16,109
16,29
16,29
16,383
16,196
16,373
16,20
16,20
16,20
16,749
16,50
16,101
16,100
16,88
16,25
16,25
16,19
16,19
16,309
16,167
16,167
16,437
16,91
16,91
16,91
16,1176
16,66
16,30
16,30
16,30
16,51
16,78
16,26
16,26
16,63
16,63
16,63
16,121
16,129
16,42
16,12
16,119
16,119
16,36
16,36
16,182
16,139
16,64
16,60
16,124
16,9
16,9
16,9
16,9
16,15
16,15
16,15
16,156
16,1
16,740
16,284
16,39
16,234
16,365
16,250
16,105
16,65
16,65
16,59
16,319
16,21
16,21
16,84
16,33
16,95
16,43
16,175
16,976
16,8
16,7
16,23
16,1030
16,28
16,28
16,349
16,73
16,1028
16,34
16,150
16,45
16,1025
16,86
16,148
16,446
16,110
16,35
16,114
16,981
16,41
16,41
16,303
16,112
16,97
16,193
16,32
16,530
16,223
16,98
16,491
16,350
16,53
17,24
17,40
17,40
17,40
17,292
17,357
17,12
17,12
17,117
17,22
17,22
17,931
17,124
17,72
17,72
17,109
17,109
17,109
17,920
17,174
17,15
17,15
17,15
17,15
17,15
17,151
17,5
17,5
17,5
17,715
17,34
17,34
17,26
17,1028
17,101
17,56
17,55
17,55
17,53
17,3
17,289
17,239
17,1345
17,33
17,33
17,33
17,30
17,30
17,30
17,30
17,252
17,1260
17,328
17,341
17,126
17,225
17,1091
17,1174
17,37
17,62
17,62
17,11
17,11
17,41
17,25
17,25
17,25
17,13
17,59
17,31
17,141
17,1195
17,205
17,60
17,333
17,46
17,46
17,21
17,7
17,70
17,161
17,27
17,27
17,27
17,44
17,44
17,44
17,730
17,52
17,52
17,441
17,19
17,19
17,19
17,368
17,35
17,28
17,28
17,28
17,1441
17,630
17,79
17,956
17,18
17,16
17,98
17,14
17,81
17,350
17,92
17,156
17,48
17,48
17,167
17,93
17,77
17,49
17,78
17,32
17,32
17,285
17,90
17,38
17,29
17,582
17,36
17,39
17,337
17,23
17,9
17,1339
17,104
17,51
17,8
17,66
17,10
17,45
17,114
17,986
18,723
18,15
18,15
18,15
18,13
18,13
18,13
18,13
18,13
18,32
18,32
18,32
18,32
18,88
18,26
18,26
18,26
18,34
18,34
18,376
18,24
18,24
18,24
18,24
18,24
18,24
18,24
18,24
18,24
18,74
18,23
18,23
18,23
18,23
18,102
18,102
18,16
18,16
18,16
18,33
18,33
18,31
18,31
18,31
18,31
18,40
18,40
18,77
18,636
18,19
18,19
18,101
18,1037
18,42
18,42
18,975
18,598
18,30
18,30
18,742
18,192
18,113
18,326
18,99
18,43
18,734
18,12
18,22
18,22
18,22
18,91
18,64
18,17
18,17
18,71
18,21
18,1220
18,80
18,48
18,48
18,186
18,391
18,578
18,41
18,41
18,41
18,52
18,52
18,54
18,54
18,27
18,27
18,69
18,329
18,173
18,240
18,323
18,1385
18,38
18,7
18,7
18,7
18,1093
18,36
18,70
18,25
18,79
18,679
18,35
18,1257
18,150
18,6
18,6
18,29
18,45
18,11
18,11
18,72
18,78
18,63
18,296
18,296
18,1043
18,243
18,716
18,8
18,8
18,739
18,65
18,208
18,197
18,67
18,67
18,237
18,370
18,180
18,138
18,220
18,1172
18,686
18,1032
18,100
18,232
18,1086
18,945
18,916
18,1314
18,993
18,394
18,933
19,14
19,14
19,246
19,15
19,15
19,23
19,448
19,31
19,31
19,31
19,33
19,64
19,21
19,21
19,21
19,76
19,1383
19,50
19,50
19,239
19,239
19,495
19,13
19,13
19,47
19,379
19,115
19,55
19,55
19,17
19,17
19,17
19,17
19,43
19,43
19,43
19,42
19,42
19,42
19,20
19,20
19,957
19,957
19,29
19,45
19,45
19,45
19,61
19,61
19,10
19,10
19,10
19,72
19,1323
19,103
19,27
19,27
19,27
19,121
19,82
19,82
19,82
19,44
19,44
19,228
19,65
19,58
19,58
19,4
19,71
19,727
19,100
19,11
19,92
19,295
19,295
19,12
19,12
19,128
19,128
19,24
19,24
19,34
19,34
19,35
19,35
19,35
19,35
19,35
19,78
19,775
19,102
19,56
19,245
19,974
19,974
19,46
19,80
19,119
19,659
19,309
19,883
19,322
19,707
19,16
19,9
19,457
19,25
19,25
19,18
19,18
19,5
19,164
19,364
19,26
19,891
19,187
19,993
19,194
19,101
19,117
19,1033
19,1184
19,631
19,7
19,286
19,113
19,918
19,672
19,63
19,370
19,634
19,958
19,37
19,344
19,112
19,32
19,39
19,99
20,22
20,22
20,22
20,22
20,43
20,43
20,43
20,71
20,52
20,10
20,10
20,10
20,377
20,40
20,40
20,50
20,50
20,41
20,41
20,41
20,529
20,38
20,38
20,38
20,164
20,17
20,17
20,14
20,14
20,14
20,116
20,18
20,18
20,18
20,18
20,18
20,161
20,131
20,81
20,649
20,49
20,49
20,963
20,1223
20,56
20,674
20,54
20,63
20,63
20,63
20,51
20,1226
20,60
20,1422
20,1234
20,16
20,16
20,46
20,9
20,9
20,29
20,23
20,23
20,653
20,1324
20,45
20,229
20,1187
20,26
20,26
20,26
20,94
20,94
20,35
20,35
20,968
20,36
20,48
20,48
20,294
20,55
20,15
20,15
20,15
20,15
20,15
20,1031
20,720
20,82
20,39
20,39
20,31
20,394
20,887
20,77
20,53
20,188
20,1258
20,100
20,28
20,768
20,47
20,356
20,19
20,19
20,11
20,11
20,11
20,34
20,27
20,332
20,8
20,70
20,98
20,76
20,1069
20,21
20,3
20,33
20,33
20,243
20,325
20,112
20,61
20,13
20,24
20,24
20,101
20,66
20,88
20,686
20,1067
20,114
20,160
20,67
20,57
20,135
20,7
20,87
20,334
21,688
21,102
21,1425
21,317
21,60
21,178
21,178
21,50
21,58
21,58
21,58
21,119
21,56
21,8
21,42
21,7
21,7
21,57
21,72
21,235
21,571
21,741
21,307
21,27
21,27
21,27
21,27
21,27
21,24
21,180
21,30
21,30
21,30
21,13
21,13
21,13
21,4
21,39
21,19
21,19
21,19
21,37
21,37
21,37
21,59
21,59
21,14
21,40
21,22
21,22
21,152
21,23
21,23
21,31
21,31
21,31
21,15
21,15
21,15
21,548
21,313
21,25
21,350
21,74
21,196
21,73
21,267
21,553
21,163
21,33
21,373
21,1047
21,48
21,28
21,28
21,28
21,16
21,45
21,45
21,32
21,10
21,55
21,1197
21,482
21,691
21,443
21,52
21,52
21,35
21,107
21,107
21,1228
21,437
21,637
21,26
21,26
21,26
21,475
21,11
21,17
21,62
21,44
21,234
21,1342
21,739
21,122
21,49
21,1410
21,325
21,34
21,43
21,464
21,277
21,997
21,876
21,447
21,165
21,127
21,18
21,678
21,985
21,488
21,71
22,127
22,11
22,372
22,44
22,35
22,35
22,5
22,88
22,93
22,110
22,51
22,51
22,51
22,1094
22,738
22,213
22,70
22,295
22,452
22,249
22,249
22,27
22,27
22,17
22,17
22,17
22,116
22,34
22,34
22,315
22,91
22,46
22,30
22,54
22,32
22,32
22,32
22,32
22,32
22,92
22,250
22,102
22,16
22,16
22,13
22,24
22,24
22,293
22,131
22,1412
22,12
22,50
22,1026
22,21
22,1400
22,233
22,48
22,48
22,72
22,40
22,45
22,90
22,39
22,642
22,37
22,37
22,37
22,37
22,55
22,339
22,998
22,57
22,75
22,153
22,29
22,1038
22,62
22,762
22,25
22,25
22,25
22,971
22,477
22,1008
22,1251
22,41
22,38
22,47
22,47
22,158
22,33
22,73
22,172
22,95
22,49
22,1382
22,442
22,1240
22,864
22,572
22,274
22,231
22,313
22,36
22,36
22,28
22,28
22,28
22,63
22,81
22,1235
22,6
22,76
22,388
22,182
22,316
22,71
22,143
22,18
22,56
22,8
22,120
22,0
22,890
22,748
22,1328
22,1201
22,851
22,696
22,429
23,44
23,44
23,29
23,29
23,59
23,113
23,36
23,25
23,15
23,15
23,117
23,105
23,105
23,46
23,7
23,7
23,1017
23,32
23,32
23,27
23,27
23,27
23,27
23,14
23,14
23,14
23,3
23,3
23,954
23,175
23,22
23,22
23,22
23,22
23,186
23,18
23,18
23,301
23,899
23,41
23,134
23,53
23,40
23,40
23,94
23,52
23,52
23,42
23,1173
23,33
23,38
23,38
23,38
23,38
23,38
23,28
23,28
23,28
23,366
23,60
23,11
23,960
23,624
23,233
23,58
23,349
23,1325
23,567
23,86
23,163
23,337
23,703
23,90
23,779
23,62
23,6
23,181
23,369
23,30
23,1352
23,45
23,54
23,944
23,35
23,35
23,24
23,24
23,24
23,24
23,12
23,12
23,12
23,26
23,26
23,19
23,19
23,19
23,552
23,104
23,994
23,21
23,50
23,50
23,336
23,584
23,5
23,221
23,85
23,47
23,43
23,20
23,206
23,721
23,31
23,124
23,461
23,1420
23,334
23,592
23,80
23,194
23,1416
23,926
23,495
23,489
23,407
23,1231
23,1275
23,633
23,1041
24,53
24,53
24,32
24,32
24,40
24,960
24,34
24,34
24,34
24,34
24,100
24,38
24,38
24,38
24,38
24,38
24,9
24,328
24,11
24,11
24,11
24,11
24,18
24,1230
24,31
24,31
24,31
24,35
24,35
24,647
24,10
24,10
24,1003
24,329
24,329
24,346
24,217
24,217
24,101
24,970
24,30
24,44
24,44
24,133
24,350
24,106
24,106
24,117
24,33
24,33
24,33
24,20
24,20
24,95
24,28
24,13
24,13
24,13
24,163
24,48
24,79
24,17
24,17
24,361
24,251
24,93
24,47
24,47
24,47
24,47
24,5
24,5
24,76
24,23
24,23
24,16
24,1005
24,62
24,65
24,738
24,82
24,708
24,12
24,51
24,655
24,357
24,130
24,645
24,81
24,68
24,68
24,68
24,22
24,291
24,69
24,7
24,7
24,19
24,19
24,1333
24,197
24,322
24,441
24,870
24,4
24,154
24,37
24,42
24,14
24,290
24,881
24,60
24,29
24,29
24,314
24,282
24,125
24,722
24,87
25,112
25,24
25,24
25,24
25,24
25,12
25,44
25,27
25,27
25,18
25,18
25,18
25,1015
25,42
25,42
25,104
25,54
25,29
25,29
25,14
25,14
25,14
25,62
25,91
25,30
25,30
25,746
25,15
25,315
25,86
25,51
25,22
25,22
25,59
25,906
25,10
25,10
25,10
25,10
25,1042
25,32
25,32
25,47
25,979
25,38
25,48
25,48
25,36
25,20
25,20
25,20
25,69
25,69
25,381
25,39
25,39
25,1230
25,880
25,13
25,13
25,13
25,28
25,28
25,16
25,177
25,776
25,58
25,82
25,82
25,644
25,715
25,76
25,640
25,26
25,34
25,34
25,34
25,124
25,75
25,117
25,107
25,100
25,17
25,17
25,50
25,64
25,64
25,68
25,72
25,53
25,65
25,9
25,35
25,35
25,35
25,238
25,1428
25,202
25,11
25,657
25,94
25,774
25,150
25,210
25,31
25,33
25,33
25,952
25,309
25,19
25,77
25,77
25,77
25,8
25,445
25,23
25,52
25,706
25,43
25,301
25,390
25,162
26,24
26,48
26,48
26,23
26,23
26,23
26,14
26,14
26,14
26,14
26,536
26,19
26,19
26,19
26,151
26,161
26,339
26,13
26,179
26,589
26,25
26,862
26,332
26,69
26,18
26,18
26,18
26,17
26,17
26,17
26,283
26,28
26,368
26,107
26,16
26,100
26,38
26,38
26,1218
26,358
26,52
26,1023
26,353
26,1380
26,704
26,84
26,77
26,82
26,37
26,37
26,37
26,160
26,83
26,31
26,31
26,173
26,144
26,35
26,610
26,340
26,892
26,46
26,46
26,297
26,12
26,12
26,345
26,33
26,33
26,394
26,664
26,39
26,90
26,9
26,113
26,194
26,32
26,32
26,47
26,105
26,127
26,34
26,34
26,119
26,196
26,4
26,40
26,40
26,166
26,203
26,302
26,60
26,60
26,59
26,213
26,111
26,15
26,15
26,10
26,44
26,102
26,102
26,436
26,331
26,737
26,440
26,6
26,7
26,989
26,63
26,341
26,27
26,22
26,21
26,1160
26,172
26,773
26,971
26,41
26,110
26,900
26,727
27,628
27,327
27,56
27,91
27,10
27,10
27,377
27,1024
27,344
27,1248
27,32
27,1183
27,243
27,310
27,93
27,934
27,212
27,20
27,20
27,20
27,36
27,36
27,1216
27,100
27,33
27,33
27,33
27,33
27,33
27,1199
27,250
27,73
27,158
27,60
27,60
27,60
27,48
27,40
27,11
27,1090
27,647
27,299
27,90
27,90
27,8
27,45
27,45
27,980
27,9
27,5
27,328
27,16
27,16
27,16
27,200
27,24
27,24
27,24
27,25
27,25
27,25
27,25
27,242
27,959
27,21
27,21
27,17
27,17
27,17
27,17
27,62
27,62
27,118
27,18
27,18
27,18
27,34
27,34
27,51
27,51
27,313
27,46
27,46
27,89
27,1
27,65
27,692
27,61
27,92
27,332
27,777
27,55
27,43
27,43
27,43
27,115
27,49
27,75
27,644
27,84
27,111
27,713
27,165
27,189
27,162
27,206
27,101
27,19
27,19
27,348
27,199
27,83
27,1098
27,156
27,81
27,44
27,670
27,169
27,95
27,658
27,943
28,122
28,187
28,13
28,13
28,37
28,37
28,33
28,33
28,33
28,20
28,29
28,29
28,29
28,17
28,17
28,34
28,34
28,328
28,35
28,115
28,115
28,244
28,6
28,130
28,86
28,86
28,22
28,38
28,44
28,44
28,41
28,542
28,74
28,80
28,42
28,53
28,677
28,11
28,11
28,11
28,973
28,704
28,52
28,52
28,438
28,16
28,16
28,9
28,921
28,186
28,1022
28,12
28,12
28,36
28,744
28,61
28,1237
28,46
28,239
28,31
28,23
28,55
28,10
28,26
28,119
28,119
28,634
28,32
28,731
28,1059
28,134
28,970
28,73
28,14
28,14
28,763
28,306
28,182
28,25
28,1066
28,18
28,18
28,207
28,348
28,1222
28,30
28,54
28,54
28,575
28,147
28,56
28,5
28,345
28,165
28,72
28,7
28,380
28,40
28,77
28,330
28,1236
28,43
28,171
28,67
28,332
28,451
29,9
29,309
29,889
29,77
29,18
29,369
29,32
29,1036
29,1211
29,160
29,947
29,115
29,349
29,85
29,1075
29,15
29,15
29,15
29,15
29,15
29,143
29,143
29,90
29,2
29,13
29,17
29,750
29,22
29,22
29,46
29,70
29,70
29,65
29,65
29,49
29,49
29,392
29,443
29,21
29,1068
29,27
29,79
29,79
29,10
29,10
29,877
29,34
29,144
29,110
29,64
29,153
29,153
29,108
29,6
29,345
29,23
29,24
29,24
29,33
29,55
29,103
29,630
29,149
29,84
29,206
29,11
29,11
29,460
29,460
29,89
29,57
29,480
29,1192
29,336
29,52
29,30
29,30
29,66
29,8
29,8
29,330
29,370
29,333
29,289
29,128
29,97
29,62
29,62
29,665
29,755
29,374
29,51
29,51
29,1228
29,118
29,118
29,87
29,104
29,19
29,19
29,1215
29,199
29,39
29,1208
29,38
29,1391
29,31
30,35
30,82
30,91
30,245
30,26
30,211
30,39
30,39
30,189
30,31
30,53
30,151
30,151
30,32
30,32
30,32
30,32
30,41
30,41
30,398
30,83
30,9
30,1191
30,135
30,1167
30,485
30,193
30,57
30,171
30,537
30,46
30,716
30,89
30,281
30,28
30,28
30,28
30,52
30,965
30,119
30,59
30,59
30,58
30,3
30,65
30,8
30,8
30,72
30,21
30,7
30,38
30,24
30,24
30,24
30,604
30,107
30,296
30,17
30,185
30,1016
30,116
30,116
30,56
30,23
30,23
30,23
30,50
30,177
30,284
30,63
30,63
30,18
30,29
30,29
30,29
30,238
30,493
30,991
30,1035
30,55
30,43
30,34
30,279
30,203
30,166
30,482
30,15
30,27
30,27
30,27
30,1256
30,236
30,303
30,715
30,37
30,70
30,144
30,1
30,184
30,389
30,16
30,111
30,25
30,630
30,109
30,752
31,42
31,42
31,32
31,32
31,32
31,364
31,1407
31,1198
31,53
31,58
31,58
31,74
31,35
31,637
31,56
31,23
31,23
31,92
31,444
31,15
31,938
31,71
31,71
31,71
31,24
31,50
31,50
31,50
31,50
31,5
31,33
31,33
31,362
31,197
31,34
31,541
31,61
31,61
31,59
31,59
31,237
31,18
31,7
31,368
31,36
31,36
31,6
31,43
31,43
31,16
31,16
31,16
31,16
31,11
31,708
31,12
31,1370
31,67
31,14
31,485
31,25
31,242
31,10
31,935
31,83
31,468
31,49
31,185
31,646
31,82
31,1203
31,105
31,145
31,29
31,29
31,81
31,940
31,17
31,17
31,717
31,559
31,1328
31,37
31,211
31,383
31,30
31,337
31,8
31,13
31,13
31,247
31,28
31,28
31,123
31,999
31,48
31,44
31,221
31,27
31,318
31,62
31,97
31,78
31,19
31,980
31,335
32,105
32,9
32,1235
32,44
32,44
32,1386
32,26
32,719
32,581
32,233
32,16
32,16
32,1186
32,360
32,29
32,35
32,35
32,5
32,650
32,1030
32,64
32,28
32,28
32,1171
32,19
32,19
32,19
32,347
32,1179
32,11
32,11
32,11
32,11
32,11
32,250
32,6
32,6
32,338
32,10
32,10
32,10
32,90
32,66
32,336
32,256
32,21
32,21
32,95
32,51
32,51
32,18
32,18
32,1435
32,642
32,31
32,31
32,31
32,52
32,196
32,349
32,73
32,34
32,34
32,34
32,123
32,59
32,59
32,50
32,939
32,93
32,453
32,1077
32,15
32,15
32,344
32,69
32,37
32,533
32,71
32,188
32,160
32,142
32,1415
32,20
32,62
32,166
32,227
32,7
32,450
32,102
32,112
32,283
32,83
32,47
32,893
32,100
32,181
32,396
32,311
32,27
32,363
32,966
32,1331
32,33
32,174
33,182
33,51
33,141
33,46
33,46
33,12
33,12
33,12
33,130
33,14
33,14
33,14
33,326
33,1003
33,324
33,132
33,44
33,35
33,24
33,902
33,32
33,109
33,109
33,597
33,340
33,235
33,13
33,13
33,396
33,29
33,29
33,228
33,40
33,234
33,244
33,15
33,39
33,19
33,20
33,20
33,20
33,25
33,25
33,25
33,95
33,95
33,49
33,204
33,107
33,92
33,34
33,26
33,26
33,65
33,166
33,343
33,203
33,63
33,139
33,1403
33,37
33,1259
33,1231
33,78
33,663
33,50
33,76
33,127
33,11
33,346
33,105
33,28
33,6
33,6
33,31
33,31
33,31
33,58
33,21
33,21
33,21
33,61
33,75
33,981
33,959
33,47
33,956
33,316
33,294
33,735
33,22
33,73
33,866
33,726
33,238
33,68
33,88
33,30
33,1354
33,69
33,172
33,36
33,171
33,565
33,43
34,863
34,61
34,61
34,51
34,48
34,699
34,969
34,91
34,111
34,53
34,53
34,53
34,223
34,27
34,27
34,27
34,28
34,28
34,80
34,24
34,24
34,24
34,32
34,32
34,15
34,15
34,15
34,122
34,43
34,43
34,43
34,40
34,40
34,84
34,46
34,55
34,128
34,83
34,558
34,65
34,933
34,932
34,247
34,281
34,58
34,41
34,1204
34,874
34,636
34,1153
34,972
34,42
34,62
34,308
34,29
34,69
34,45
34,21
34,21
34,21
34,631
34,78
34,78
34,911
34,7
34,49
34,559
34,50
34,14
34,374
34,1050
34,35
34,589
34,200
34,319
34,39
34,108
34,237
34,756
34,584
34,705
34,86
34,26
34,149
34,360
34,187
34,63
34,1233
34,18
34,11
34,36
34,101
34,747
34,70
34,12
34,22
34,996
34,129
34,38
34,20
34,17
34,30
34,30
34,10
34,3
35,1001
35,72
35,72
35,928
35,37
35,37
35,37
35,46
35,46
35,46
35,867
35,4
35,11
35,11
35,11
35,11
35,93
35,43
35,43
35,26
35,26
35,15
35,5
35,635
35,635
35,372
35,10
35,10
35,10
35,61
35,84
35,770
35,176
35,136
35,12
35,12
35,12
35,52
35,1209
35,42
35,42
35,42
35,99
35,955
35,34
35,34
35,101
35,21
35,21
35,91
35,44
35,90
35,1
35,1
35,23
35,79
35,33
35,24
35,24
35,56
35,7
35,22
35,22
35,22
35,14
35,14
35,1233
35,36
35,326
35,405
35,278
35,39
35,302
35,725
35,1040
35,20
35,20
35,64
35,17
35,103
35,253
35,117
35,13
35,13
35,143
35,164
35,164
35,41
35,440
35,115
35,115
35,3
35,402
35,18
35,18
35,32
35,344
35,77
35,738
35,16
35,8
35,327
35,340
35,959
35,319
35,297
36,72
36,58
36,58
36,1033
36,109
36,50
36,16
36,16
36,120
36,43
36,70
36,116
36,618
36,60
36,11
36,11
36,11
36,79
36,1
36,81
36,19
36,19
36,19
36,15
36,15
36,218
36,35
36,30
36,30
36,386
36,71
36,23
36,23
36,23
36,560
36,757
36,22
36,45
36,45
36,916
36,18
36,1332
36,251
36,25
36,25
36,96
36,96
36,1213
36,99
36,99
36,55
36,161
36,89
36,579
36,184
36,27
36,27
36,52
36,52
36,29
36,29
36,31
36,922
36,641
36,13
36,1004
36,7
36,7
36,123
36,28
36,21
36,21
36,21
36,21
36,205
36,455
36,767
36,1194
36,576
36,32
36,83
36,38
36,300
36,97
36,712
36,68
36,651
36,868
36,462
36,1315
36,481
36,439
36,559
36,1230
37,952
37,50
37,50
37,51
37,211
37,17
37,70
37,76
37,956
37,978
37,47
37,47
37,333
37,74
37,29
37,57
37,661
37,661
37,335
37,1217
37,352
37,126
37,126
37,32
37,32
37,82
37,20
37,20
37,1260
37,45
37,58
37,4
37,188
37,132
37,36
37,107
37,255
37,81
37,535
37,8
37,13
37,13
37,13
37,35
37,35
37,35
37,28
37,209
37,346
37,22
37,21
37,21
37,54
37,110
37,84
37,580
37,331
37,280
37,78
37,78
37,27
37,162
37,156
37,24
37,69
37,89
37,16
37,79
37,1241
37,96
37,347
37,62
37,14
37,85
37,23
37,1349
37,41
37,127
37,350
37,10
37,33
37,6
37,38
37,930
38,60
38,60
38,1239
38,73
38,73
38,27
38,27
38,27
38,27
38,30
38,30
38,30
38,30
38,117
38,25
38,25
38,25
38,728
38,92
38,22
38,16
38,16
38,1242
38,33
38,33
38,65
38,766
38,24
38,376
38,958
38,345
38,330
38,175
38,21
38,21
38,69
38,9
38,2
38,46
38,64
38,64
38,740
38,1152
38,31
38,31
38,40
38,40
38,40
38,40
38,984
38,540
38,741
38,1043
38,58
38,72
38,138
38,43
38,12
38,51
38,201
38,36
38,41
38,71
38,163
38,120
38,63
38,87
38,353
38,335
38,19
38,29
38,29
38,152
38,619
38,10
38,102
38,18
38,53
38,15
38,47
38,1021
38,88
38,119
38,231
39,38
39,373
39,13
39,13
39,13
39,112
39,81
39,29
39,29
39,17
39,17
39,17
39,114
39,31
39,92
39,11
39,11
39,11
39,447
39,3
39,4
39,117
39,111
39,10
39,10
39,546
39,24
39,24
39,177
39,183
39,246
39,100
39,292
39,15
39,1057
39,133
39,133
39,1042
39,52
39,57
39,57
39,9
39,9
39,118
39,778
39,87
39,195
39,108
39,51
39,46
39,44
39,1327
39,543
39,91
39,33
39,33
39,306
39,18
39,21
39,21
39,1
39,122
39,720
39,19
39,301
39,30
39,68
39,68
39,2
39,32
39,152
39,45
39,709
39,67
39,268
39,992
39,37
39,53
39,1350
39,61
39,27
39,27
39,113
39,170
39,387
39,758
40,94
40,94
40,218
40,35
40,6
40,6
40,6
40,6
40,50
40,119
40,14
40,14
40,318
40,318
40,44
40,153
40,175
40,161
40,36
40,19
40,7
40,7
40,24
40,24
40,18
40,18
40,25
40,22
40,22
40,22
40,53
40,53
40,56
40,616
40,26
40,324
40,766
40,30
40,33
40,55
40,55
40,23
40,23
40,23
40,2
40,13
40,63
40,1021
40,329
40,135
40,167
40,120
40,37
40,75
40,333
40,28
40,28
40,1375
40,39
40,39
40,112
40,15
40,74
40,16
40,16
40,79
40,264
40,60
40,61
40,21
40,232
40,1207
40,249
40,337
40,225
40,1175
40,242
40,42
40,31
40,1002
40,66
40,1180
40,20
40,96
40,89
41,974
41,894
41,259
41,34
41,34
41,34
41,158
41,158
41,108
41,755
41,74
41,160
41,30
41,30
41,30
41,30
41,287
41,31
41,31
41,343
41,44
41,44
41,13
41,67
41,48
41,8
41,8
41,125
41,12
41,1018
41,28
41,94
41,17
41,17
41,359
41,19
41,19
41,19
41,729
41,22
41,57
41,52
41,52
41,231
41,16
41,65
41,65
41,36
41,36
41,26
41,26
41,47
41,49
41,1073
41,579
41,167
41,329
41,304
41,1020
41,2
41,114
41,25
41,25
41,32
41,133
41,21
41,767
41,46
41,15
41,18
41,20
41,20
41,1159
41,1038
41,23
41,1202
41,140
41,51
41,360
41,9
41,361
41,35
41,53
41,45
41,127
41,734
41,530
42,50
42,108
42,48
42,28
42,28
42,294
42,22
42,22
42,22
42,16
42,448
42,1344
42,148
42,36
42,46
42,1060
42,39
42,135
42,969
42,31
42,31
42,312
42,23
42,965
42,327
42,550
42,32
42,54
42,59
42,731
42,966
42,15
42,33
42,33
42,33
42,240
42,41
42,41
42,61
42,29
42,26
42,449
42,25
42,1053
42,172
42,8
42,30
42,164
42,13
42,11
42,736
42,155
42,648
42,10
42,10
42,43
42,97
42,44
42,300
42,737
42,273
42,302
42,19
42,374
42,14
42,84
42,21
42,307
42,58
42,157
42,99
42,235
42,60
42,173
42,89
42,101
42,17
42,82
42,177
42,75
42,401
42,1165
42,105
42,238
42,47
42,378
43,33
43,33
43,42
43,42
43,20
43,105
43,528
43,93
43,17
43,106
43,106
43,75
43,1
43,721
43,85
43,85
43,85
43,45
43,45
43,101
43,462
43,39
43,46
43,46
43,24
43,352
43,22
43,65
43,12
43,32
43,32
43,9
43,9
43,227
43,569
43,278
43,5
43,5
43,5
43,83
43,163
43,107
43,107
43,61
43,61
43,31
43,31
43,28
43,556
43,327
43,130
43,114
43,1009
43,240
43,185
43,21
43,21
43,78
43,401
43,55
43,103
43,71
43,1206
43,123
43,123
43,30
43,722
43,385
43,66
43,638
43,51
43,1360
43,690
43,16
43,180
43,18
43,366
43,248
43,1154
43,47
43,29
43,347
43,57
43,63
43,81
43,108
44,342
44,99
44,278
44,968
44,41
44,153
44,77
44,7
44,15
44,28
44,28
44,463
44,56
44,71
44,71
44,33
44,33
44,33
44,36
44,115
44,25
44,445
44,57
44,1252
44,3
44,100
44,336
44,16
44,733
44,38
44,38
44,59
44,303
44,12
44,39
44,24
44,37
44,37
44,37
44,662
44,233
44,109
44,55
44,55
44,50
44,29
44,4
44,75
44,1242
44,110
44,35
44,22
44,27
44,27
44,656
44,34
44,34
44,10
44,10
44,96
44,26
44,165
44,64
44,989
44,70
44,174
44,31
44,31
44,5
44,42
44,345
44,19
44,19
44,1188
44,476
44,147
44,8
44,337
44,114
44,126
44,183
44,21
44,30
44,82
44,68
44,1200
44,73
45,199
45,61
45,61
45,898
45,1423
45,27
45,27
45,27
45,982
45,38
45,38
45,104
45,320
45,100
45,32
45,8
45,8
45,125
45,25
45,25
45,66
45,33
45,443
45,24
45,24
45,83
45,92
45,23
45,620
45,765
45,20
45,20
45,75
45,15
45,15
45,19
45,150
45,18
45,1221
45,287
45,44
45,486
45,133
45,16
45,112
45,344
45,89
45,14
45,28
45,105
45,134
45,84
45,149
45,162
45,405
45,1246
46,25
46,57
46,67
46,67
46,111
46,748
46,694
46,4
46,4
46,48
46,239
46,56
46,52
46,42
46,30
46,988
46,24
46,16
46,93
46,17
46,98
46,98
46,18
46,400
46,136
46,20
46,657
46,142
46,10
46,10
46,74
46,55
46,228
46,32
46,324
46,435
46,13
46,11
46,40
46,203
46,43
46,31
46,26
46,272
46,21
46,14
46,38
46,36
46,19
46,134
46,560
46,54
46,15
46,9
46,37
46,342
47,20
47,20
47,34
47,34
47,64
47,461
47,80
47,138
47,24
47,70
47,995
47,41
47,167
47,171
47,94
47,915
47,63
47,9
47,9
47,190
47,59
47,18
47,27
47,26
47,329
47,50
47,1256
47,7
47,15
47,15
47,121
47,11
47,10
47,145
47,46
47,28
47,29
47,473
47,358
47,14
47,8
47,117
47,395
47,1355
47,710
47,450
47,35
47,196
47,39
47,44
47,23
47,25
47,17
47,30
47,38
47,60
48,682
48,101
48,175
48,115
48,20
48,753
48,25
48,25
48,170
48,653
48,8
48,8
48,26
48,155
48,165
48,321
48,151
48,33
48,33
48,42
48,73
48,201
48,15
48,45
48,31
48,31
48,330
48,14
48,14
48,21
48,30
48,30
48,30
48,248
48,24
48,75
48,116
48,12
48,35
48,706
48,126
48,13
48,110
48,738
48,90
48,951
48,23
48,7
48,1155
48,36
48,62
48,28
48,150
48,40
48,112
48,281
49,108
49,675
49,323
49,102
49,768
49,109
49,953
49,14
49,14
49,14
49,578
49,137
49,137
49,137
49,335
49,27
49,27
49,36
49,36
49,104
49,85
49,62
49,31
49,40
49,19
49,140
49,178
49,22
49,22
49,34
49,29
49,12
49,12
49,455
49,251
49,54
49,218
49,204
49,23
49,51
49,131
49,68
49,5
49,127
49,16
49,346
49,11
49,488
49,332
49,97
49,44
49,707
49,35
49,45
49,15
49,471
49,1069
49,644
49,237
49,1341
49,350
49,579
50,1045
50,39
50,39
50,39
50,1044
50,46
50,24
50,24
50,24
50,73
50,656
50,224
50,67
50,145
50,37
50,359
50,63
50,13
50,13
50,987
50,92
50,21
50,43
50,229
50,138
50,99
50,176
50,340
50,34
50,22
50,35
50,708
50,19
50,20
50,20
50,18
50,27
50,27
50,11
50,65
50,1161
50,337
50,338
50,335
50,871
50,14
50,122
50,349
50,185
50,951
50,17
50,629
50,158
50,81
50,62
50,1438
51,395
51,348
51,170
51,35
51,35
51,220
51,727
51,698
51,18
51,18
51,18
51,27
51,27
51,32
51,71
51,17
51,17
51,972
51,1430
51,367
51,83
51,108
51,225
51,46
51,112
51,44
51,25
51,91
51,13
51,103
51,87
51,30
51,30
51,132
51,148
51,38
51,22
51,22
51,22
51,93
51,111
51,111
51,327
51,56
51,156
51,26
51,661
51,99
51,1089
51,1058
51,990
51,52
51,336
51,10
51,277
51,355
51,41
52,62
52,110
52,110
52,51
52,132
52,1024
52,340
52,134
52,29
52,362
52,35
52,35
52,67
52,18
52,68
52,113
52,113
52,993
52,98
52,980
52,41
52,155
52,952
52,106
52,133
52,28
52,28
52,22
52,135
52,85
52,467
52,156
52,1398
52,24
52,65
52,1013
52,10
52,640
52,290
52,351
52,47
52,63
52,49
52,43
52,36
52,735
52,335
52,20
52,474
52,215
52,1029
52,671
52,1025
52,31
52,743
53,984
53,17
53,93
53,26
53,26
53,333
53,39
53,13
53,13
53,13
53,4
53,114
53,52
53,576
53,1
53,144
53,74
53,347
53,30
53,30
53,161
53,192
53,145
53,1207
53,962
53,24
53,761
53,1388
53,146
53,146
53,22
53,34
53,107
53,16
53,101
53,27
53,627
53,608
53,28
53,3
53,287
53,1357
53,358
53,15
53,11
53,91
53,50
53,58
53,29
53,324
53,33
53,532
53,25
53,25
53,88
53,60
54,103
54,103
54,12
54,95
54,55
54,581
54,78
54,24
54,24
54,152
54,1
54,727
54,13
54,26
54,26
54,67
54,40
54,23
54,88
54,21
54,346
54,52
54,18
54,228
54,325
54,72
54,32
54,32
54,9
54,14
54,14
54,29
54,47
54,35
54,125
54,6
54,82
54,58
54,97
54,16
54,22
54,10
54,615
54,91
54,34
54,66
54,208
54,19
54,17
54,38
54,344
54,31
54,220
54,471
54,534
54,308
55,989
55,27
55,80
55,3
55,10
55,92
55,92
55,38
55,38
55,65
55,93
55,29
55,322
55,134
55,43
55,25
55,1365
55,1251
55,18
55,46
55,26
55,26
55,26
55,135
55,16
55,31
55,31
55,139
55,591
55,539
55,995
55,118
55,37
55,24
55,331
55,136
55,22
55,28
55,162
55,317
55,362
55,11
55,15
55,39
55,96
55,48
55,111
55,66
55,469
55,59
55,1195
55,215
55,934
55,644
56,724
56,21
56,436
56,105
56,73
56,42
56,11
56,1212
56,30
56,30
56,8
56,47
56,47
56,17
56,17
56,291
56,28
56,29
56,33
56,33
56,41
56,75
56,1246
56,126
56,35
56,35
56,35
56,31
56,31
56,78
56,87
56,22
56,446
56,288
56,60
56,1036
56,95
56,26
56,310
56,69
56,14
56,77
56,151
56,37
56,99
56,32
56,15
56,18
56,6
56,79
57,35
57,35
57,121
57,37
57,21
57,21
57,1364
57,10
57,10
57,11
57,11
57,11
57,11
57,55
57,55
57,12
57,40
57,480
57,645
57,9
57,9
57,381
57,51
57,29
57,910
57,142
57,186
57,1397
57,15
57,49
57,60
57,135
57,62
57,62
57,74
57,47
57,26
57,18
57,93
57,202
57,20
57,1032
57,102
57,331
57,6
57,3
57,97
57,53
57,22
58,78
58,104
58,21
58,57
58,285
58,197
58,22
58,146
58,348
58,332
58,332
58,288
58,32
58,32
58,6
58,952
58,19
58,19
58,23
58,10
58,10
58,641
58,99
58,44
58,12
58,489
58,25
58,17
58,17
58,28
58,36
58,36
58,325
58,34
58,34
58,54
58,54
58,384
58,33
58,85
58,323
58,718
58,26
58,40
58,210
58,222
58,261
58,39
58,27
58,9
59,5
59,5
59,5
59,17
59,324
59,54
59,54
59,54
59,479
59,19
59,2
59,215
59,687
59,37
59,55
59,70
59,70
59,1379
59,44
59,30
59,30
59,42
59,53
59,26
59,61
59,61
59,85
59,49
59,10
59,62
59,22
59,20
59,178
59,166
59,719
59,24
59,244
59,554
59,205
59,11
59,717
59,100
59,18
59,204
59,16
59,15
59,74
59,356
59,129
59,549
60,63
60,34
60,34
60,348
60,12
60,30
60,30
60,30
60,188
60,52
60,193
60,15
60,109
60,109
60,41
60,16
60,33
60,33
60,713
60,713
60,14
60,14
60,334
60,38
60,1190
60,25
60,27
60,336
60,96
60,313
60,456
60,156
60,732
60,53
60,26
60,714
60,13
60,32
60,162
60,318
60,10
60,5
60,17
60,80
60,342
60,329
60,154
60,314
60,112
60,721
61,24
61,1001
61,353
61,168
61,11
61,1252
61,53
61,26
61,28
61,28
61,28
61,1429
61,29
61,13
61,726
61,7
61,1023
61,632
61,98
61,320
61,96
61,64
61,12
61,12
61,20
61,165
61,529
61,1374
61,31
61,9
61,40
61,40
61,134
61,10
61,992
61,231
61,128
61,16
61,23
61,749
61,17
61,447
61,4
61,325
61,21
61,730
61,27
61,338
61,1087
61,39
62,33
62,220
62,35
62,53
62,25
62,25
62,25
62,54
62,68
62,16
62,16
62,16
62,10
62,28
62,338
62,1254
62,179
62,102
62,38
62,266
62,146
62,1259
62,83
62,756
62,148
62,11
62,11
62,365
62,351
62,3
62,7
62,31
62,114
62,96
62,81
62,872
62,326
62,1006
62,106
62,307
62,120
62,60
62,710
62,80
62,80
62,73
62,21
62,465
62,58
62,335
63,331
63,48
63,14
63,663
63,23
63,23
63,16
63,16
63,1172
63,554
63,392
63,19
63,10
63,10
63,10
63,45
63,207
63,745
63,85
63,59
63,59
63,96
63,73
63,73
63,44
63,44
63,9
63,33
63,542
63,26
63,8
63,8
63,7
63,65
63,65
63,457
63,75
63,34
63,61
63,626
63,88
63,36
63,49
63,1439
63,468
63,57
63,1219
63,339
63,2
63,665
64,713
64,19
64,19
64,19
64,90
64,12
64,186
64,342
64,16
64,103
64,103
64,20
64,20
64,993
64,42
64,322
64,21
64,63
64,43
64,36
64,18
64,55
64,55
64,32
64,32
64,49
64,207
64,913
64,754
64,31
64,372
64,307
64,88
64,46
64,50
64,27
64,41
64,22
64,229
64,5
64,1
64,1012
64,1238
64,59
64,113
64,113
64,10
64,45
64,14
64,640
64,845
64,987
64,473
64,257
64,109
65,74
65,128
65,164
65,45
65,176
65,64
65,15
65,15
65,315
65,32
65,32
65,32
65,992
65,142
65,304
65,16
65,157
65,18
65,21
65,21
65,21
65,36
65,20
65,20
65,373
65,82
65,252
65,22
65,127
65,50
65,633
65,4
65,4
65,13
65,9
65,24
65,24
65,23
65,729
65,6
65,40
65,374
65,962
65,1088
65,68
65,955
65,1012
65,53
65,978
65,130
66,1027
66,16
66,212
66,169
66,129
66,12
66,12
66,35
66,19
66,15
66,131
66,25
66,25
66,40
66,310
66,41
66,156
66,26
66,26
66,132
66,564
66,50
66,122
66,281
66,562
66,562
66,180
66,73
66,343
66,1212
66,915
66,843
66,328
66,356
66,876
66,1190
66,1106
67,88
67,1210
67,95
67,40
67,402
67,317
67,32
67,33
67,24
67,119
67,14
67,14
67,14
67,61
67,30
67,30
67,34
67,31
67,660
67,45
67,978
67,481
67,20
67,133
67,26
67,21
67,536
67,1266
68,75
68,750
68,0
68,977
68,724
68,38
68,17
68,17
68,25
68,59
68,276
68,34
68,318
68,22
68,1095
68,262
68,21
68,984
68,1236
68,995
68,54
68,54
68,719
68,103
68,733
68,572
69,761
69,243
69,1182
69,83
69,131
69,304
69,104
69,60
69,312
69,169
69,344
69,13
69,26
69,26
69,24
69,12
69,1417
69,567
69,16
69,70
69,29
69,1330
69,248
69,10
69,57
69,34
69,335
70,240
70,487
70,36
70,36
70,25
70,25
70,330
70,35
70,12
70,1044
70,7
70,58
70,992
70,1007
70,1074
70,39
70,83
70,1079
70,15
70,338
70,33
70,64
70,16
70,96
70,96
70,31
70,1234
71,1424
71,68
71,561
71,80
71,38
71,47
71,20
71,121
71,16
71,16
71,8
71,31
71,1019
71,35
71,206
71,21
71,208
71,19
71,4
71,108
71,30
71,98
71,10
71,57
71,43
71,29
71,112
71,1132
72,207
72,561
72,2
72,39
72,37
72,58
72,118
72,34
72,34
72,667
72,12
72,347
72,31
72,38
72,56
72,56
72,1368
72,739
72,77
72,40
72,121
72,86
72,297
72,111
72,158
72,28
72,26
73,72
73,562
73,60
73,134
73,8
73,51
73,26
73,43
73,43
73,54
73,54
73,12
73,159
73,15
73,48
73,964
73,40
73,656
73,1361
73,21
73,86
73,25
73,28
73,100
73,335
73,326
74,82
74,393
74,37
74,25
74,25
74,10
74,18
74,34
74,34
74,34
74,7
74,128
74,27
74,740
74,64
74,24
74,31
74,1341
74,35
74,1158
74,13
74,16
74,22
74,15
74,15
74,28
74,28
75,336
75,985
75,40
75,19
75,38
75,9
75,102
75,21
75,36
75,56
75,590
75,133
75,200
75,1253
75,570
75,343
75,725
75,106
75,10
75,11
75,1072
75,8
75,31
75,78
75,6
75,26
75,573
75,51
75,51
76,96
76,147
76,1419
76,346
76,348
76,44
76,62
76,41
76,45
76,377
76,650
76,58
76,6
76,4
76,4
76,25
76,351
76,11
76,39
76,20
76,975
76,953
76,40
76,736
76,279
76,81
76,61
76,470
77,1209
77,22
77,21
77,21
77,21
77,94
77,257
77,104
77,30
77,35
77,19
77,216
77,28
77,72
77,301
77,34
77,63
77,88
77,36
77,8
77,37
77,76
77,1215
77,319
77,41
77,65
77,14
78,40
78,40
78,7
78,124
78,168
78,709
78,26
78,29
78,29
78,29
78,38
78,23
78,380
78,44
78,33
78,2
78,335
78,321
78,60
78,89
78,145
78,41
78,20
78,30
78,27
78,14
78,51
78,540
78,230
78,892
78,814
78,446
78,98
78,701
78,545
79,21
79,110
79,110
79,61
79,78
79,43
79,34
79,68
79,1213
79,1346
79,42
79,40
79,40
79,10
79,74
79,771
79,65
79,951
79,131
79,211
79,14
79,1041
79,18
79,39
79,33
79,104
79,11
79,344
79,312
79,636
80,118
80,205
80,4
80,11
80,9
80,724
80,20
80,10
80,10
80,78
80,32
80,83
80,331
80,242
80,39
80,13
80,59
80,21
80,62
80,43
80,53
80,17
80,34
80,1238
80,79
80,965
81,33
81,33
81,110
81,21
81,8
81,35
81,334
81,13
81,13
81,26
81,87
81,89
81,19
81,93
81,130
81,27
81,27
81,7
81,7
81,24
81,348
81,30
81,354
81,22
81,985
81,1224
81,330
82,70
82,78
82,1071
82,1039
82,29
82,16
82,35
82,185
82,30
82,12
82,17
82,15
82,163
82,77
82,300
82,138
82,611
82,737
82,328
82,14
82,14
82,43
82,983
82,21
82,275
82,1249
82,1334
83,34
83,596
83,66
83,1384
83,361
83,307
83,16
83,44
83,212
83,52
83,37
83,32
83,32
83,11
83,732
83,123
83,42
83,78
83,41
83,25
83,13
83,62
83,198
83,547
83,983
83,106
83,87
84,8
84,237
84,26
84,26
84,62
84,13
84,201
84,22
84,10
84,39
84,140
84,116
84,25
84,52
84,12
84,12
84,66
84,2
84,723
84,29
84,27
84,16
84,448
84,44
84,209
84,63
84,63
85,31
85,41
85,77
85,556
85,17
85,9
85,51
85,36
85,4
85,28
85,29
85,29
85,29
85,319
85,37
85,160
85,217
85,56
85,20
85,40
85,38
85,97
85,437
85,462
85,300
85,116
85,312
86,568
86,34
86,27
86,27
86,908
86,649
86,438
86,30
86,48
86,19
86,458
86,49
86,24
86,41
86,28
86,1010
86,176
86,22
86,230
86,40
86,241
86,8
86,45
86,26
86,99
86,123
86,14
86,935
86,312
86,159
86,56
86,572
86,1274
86,957
86,121
86,68
87,16
87,1414
87,11
87,96
87,96
87,93
87,55
87,590
87,71
87,70
87,29
87,730
87,238
87,157
87,42
87,17
87,14
87,995
87,33
87,7
87,82
87,445
87,337
87,40
87,133
87,1437
87,192
88,74
88,91
88,84
88,35
88,998
88,110
88,36
88,37
88,19
88,7
88,7
88,13
88,961
88,729
88,303
88,57
88,68
88,139
88,15
88,63
88,63
88,12
88,53
88,10
88,107
88,104
88,33
89,26
89,41
89,728
89,94
89,44
89,47
89,186
89,30
89,61
89,63
89,149
89,14
89,745
89,1351
89,37
89,865
89,10
89,131
89,88
89,42
89,13
89,13
89,141
89,49
89,82
89,293
89,17
90,30
90,30
90,591
90,51
90,46
90,66
90,40
90,12
90,1
90,18
90,42
90,42
90,13
90,10
90,981
90,7
90,3
90,161
90,28
90,282
90,26
90,20
90,1015
90,114
90,35
90,744
90,54
91,128
91,912
91,538
91,20
91,304
91,71
91,35
91,35
91,76
91,642
91,87
91,30
91,51
91,1210
91,57
91,9
91,23
91,321
92,102
92,322
92,19
92,1052
92,16
92,16
92,4
92,10
92,74
92,712
92,67
92,15
92,168
92,24
92,292
92,23
92,22
92,83
93,16
93,599
93,53
93,35
93,14
93,22
93,22
93,50
93,129
93,6
93,26
93,594
93,37
93,68
93,38
93,10
93,33
93,39
94,14
94,9
94,206
94,34
94,20
94,241
94,38
94,65
94,33
94,779
94,28
94,19
94,4
94,11
94,51
94,15
94,15
94,1170
94,1287
94,1281
94,414
94,283
94,266
94,862
94,588
94,319
95,1376
95,27
95,24
95,204
95,48
95,122
95,113
95,74
95,23
95,89
95,232
95,63
95,142
95,73
95,76
95,962
95,60
95,107
95,1026
95,626
95,258
95,658
95,694
95,162
95,751
95,1057
95,108
96,333
96,67
96,95
96,28
96,59
96,97
96,17
96,48
96,704
96,51
96,90
96,90
96,21
96,684
96,9
96,54
96,40
96,31
96,1193
97,3
97,47
97,531
97,115
97,300
97,43
97,346
97,14
97,27
97,70
97,316
97,44
97,17
97,1440
97,73
97,29
97,20
97,25
98,132
98,155
98,551
98,116
98,232
98,10
98,35
98,35
98,29
98,29
98,126
98,53
98,873
98,643
98,19
98,25
98,50
98,959
99,37
99,37
99,72
99,132
99,30
99,64
99,17
99,323
99,129
99,23
99,42
99,15
99,25
99,47
99,6
99,65
99,79
99,955
99,97
100,42
100,95
100,21
100,1164
100,56
100,14
100,882
100,16
100,22
100,1214
100,110
100,116
100,375
100,212
100,323
100,26
100,36
100,99
101,19
101,23
101,25
101,25
101,977
101,21
101,159
101,16
101,16
101,1244
101,643
101,17
101,40
101,84
101,7
101,128
101,45
101,28
102,13
102,350
102,21
102,30
102,32
102,252
102,47
102,964
102,967
102,17
102,758
102,758
102,9
102,40
102,954
102,18
102,31
102,90
103,299
103,53
103,53
103,34
103,34
103,26
103,84
103,97
103,49
103,1
103,47
103,21
103,68
103,585
103,114
103,7
103,17
103,36
103,1295
104,41
104,35
104,11
104,51
104,31
104,26
104,12
104,15
104,15
104,32
104,99
104,87
104,84
104,44
104,44
104,3
104,6
104,342
104,1034
105,40
105,26
105,122
105,32
105,363
105,177
105,27
105,319
105,93
105,20
105,31
105,478
105,166
105,120
105,1206
105,162
105,489
105,176
105,76
105,973
106,98
106,18
106,16
106,35
106,54
106,53
106,22
106,109
106,164
106,658
106,21
106,65
106,136
106,92
106,325
106,48
106,588
106,17
107,44
107,53
107,28
107,68
107,30
107,1205
107,58
107,492
107,26
107,26
107,33
107,36
107,110
107,71
107,35
107,22
107,356
107,92
107,97
107,104
108,80
108,34
108,34
108,12
108,28
108,157
108,55
108,48
108,21
108,22
108,967
108,94
108,39
108,101
108,54
108,308
108,720
108,25
108,1007
109,102
109,50
109,214
109,121
109,26
109,64
109,21
109,346
109,168
109,327
109,47
109,37
109,18
109,40
109,38
109,94
109,297
109,120
109,574
109,1276
109,1285
109,370
110,760
110,16
110,724
110,14
110,1232
110,52
110,68
110,971
110,23
110,73
110,735
110,191
110,57
110,321
110,36
110,43
110,19
110,25
111,26
111,27
111,56
111,435
111,184
111,352
111,21
111,21
111,190
111,14
111,35
111,241
111,32
111,587
111,214
111,742
111,65
111,1
112,19
112,93
112,16
112,16
112,58
112,8
112,1373
112,0
112,11
112,30
112,100
112,20
112,355
112,102
112,21
112,453
112,772
112,39
113,47
113,47
113,32
113,17
113,17
113,160
113,58
113,30
113,29
113,29
113,1168
113,28
113,6
113,382
113,37
113,639
113,22
114,15
114,195
114,1219
114,163
114,730
114,49
114,48
114,48
114,905
114,55
114,311
114,25
114,13
114,23
114,37
114,42
114,333
114,45
115,23
115,23
115,33
115,67
115,41
115,4
115,39
115,26
115,338
115,1245
115,53
115,12
115,71
115,13
115,15
115,305
115,70
115,199
116,16
116,16
116,35
116,566
116,30
116,6
116,91
116,20
116,56
116,976
116,164
116,32
116,9
116,106
116,26
116,31
116,93
116,52
117,341
117,8
117,21
117,21
117,9
117,28
117,49
117,89
117,39
117,896
117,79
117,15
117,129
117,44
117,33
117,348
117,451
117,12
117,331
118,639
118,14
118,43
118,458
118,705
118,64
118,35
118,35
118,1018
118,340
118,95
118,42
118,31
118,28
118,86
118,20
118,7
118,50
119,107
119,14
119,199
119,263
119,31
119,38
119,25
119,397
119,901
119,612
119,78
119,315
119,157
119,101
119,958
119,129
119,108
119,32
120,1065
120,162
120,12
120,12
120,13
120,25
120,37
120,195
120,51
120,15
121,233
121,580
121,323
121,31
121,38
121,16
121,35
121,194
121,81
121,345
121,56
122,248
122,334
122,25
122,39
122,42
122,42
122,130
122,16
122,84
122,29
122,1393
123,184
123,20
123,20
123,152
123,21
123,30
123,135
123,301
123,1243
123,1163
124,180
124,21
124,996
124,179
124,50
124,29
124,54
124,347
124,344
124,234
125,13
125,42
125,15
125,219
125,29
125,118
125,79
125,17
125,215
125,40
126,14
126,37
126,658
126,18
126,63
126,157
126,41
126,35
126,376
126,27
127,12
127,12
127,972
127,33
127,118
127,1427
127,14
127,55
127,743
127,144
127,644
127,237
127,1341
127,350
127,579
128,203
128,64
128,51
128,439
128,59
128,41
128,25
128,320
128,216
128,663
129,23
129,3
129,13
129,141
129,9
129,19
129,17
129,305
129,81
129,157
129,1108
129,446
130,469
130,19
130,714
130,11
130,44
130,340
130,31
130,302
130,26
130,48
130,727
131,35
131,41
131,1
131,251
131,138
131,26
131,38
131,10
131,66
131,11
132,91
132,241
132,25
132,38
132,156
132,350
132,1078
132,61
132,49
132,29
133,479
133,393
133,29
133,159
133,19
133,27
133,37
133,36
133,10
133,158
134,2
134,25
134,25
134,89
134,41
134,623
134,11
134,11
134,97
134,1401
135,111
135,63
135,308
135,26
135,20
135,20
135,43
135,38
135,13
135,456
136,534
136,74
136,51
136,85
137,88
137,89
137,39
137,121
138,174
138,973
138,23
138,115
139,868
139,12
139,283
139,39
140,58
140,30
140,28
140,45
141,296
141,222
141,32
141,17
142,3
142,22
142,22
142,63
143,15
143,38
143,1249
143,62
143,215
144,104
144,42
144,29
144,708
145,34
145,42
145,25
145,96
145,1102
146,666
146,20
146,49
146,21
147,125
147,35
147,34
147,1055
147,190
148,34
148,12
148,74
148,152
149,540
149,46
149,33
149,67
150,52
150,34
150,351
150,98
151,60
151,113
151,192
151,18
152,1390
152,93
152,140
152,106
153,128
153,308
153,71
153,34
153,98
153,86
153,878
153,41
153,48
154,19
154,8
154,33
154,5
154,24
154,184
154,27
154,62
154,13
155,29
155,78
155,60
155,32
155,132
155,30
155,37
155,25
156,339
156,58
156,473
156,575
156,9
156,69
156,7
156,350
156,98
156,778
157,24
157,63
157,50
157,243
157,47
157,77
157,56
157,32
157,42
157,295
158,226
158,143
158,114
158,114
158,8
158,54
158,17
158,92
158,20
158,574
159,21
159,20
159,20
159,58
159,39
159,32
159,37
159,27
159,190
159,55
160,1227
160,132
160,30
160,19
160,19
160,12
160,12
160,61
160,18
161,92
161,15
161,18
161,17
161,21
161,325
161,12
161,321
161,174
162,8
162,8
162,69
162,10
162,37
162,103
162,26
162,22
162,67
162,1369
163,13
163,6
163,6
163,6
163,33
163,77
163,25
163,107
163,48
164,5
164,249
164,62
164,19
164,23
164,14
164,29
164,436
164,30
165,57
165,202
165,151
165,946
165,44
165,107
165,1359
165,14
165,55
166,136
166,1196
166,38
166,77
166,1220
166,7
166,119
166,4
166,338
167,6
167,41
167,41
167,29
167,29
167,61
167,977
167,40
167,48
168,20
168,328
168,247
168,1193
168,117
168,50
168,28
168,119
168,23
169,32
169,41
169,9
169,45
169,23
169,92
169,30
169,30
169,236
170,17
170,126
170,728
170,74
170,718
170,30
170,6
170,110
170,134
171,990
171,9
171,117
171,25
171,113
171,1239
171,21
171,32
171,294
172,198
172,35
172,14
172,75
172,85
172,32
172,96
172,127
173,29
173,32
173,1019
173,90
173,123
173,17
173,13
173,3
174,8
174,20
174,53
174,64
174,771
174,17
174,46
174,30
175,83
175,349
175,230
175,4
175,77
175,23
175,16
175,39
176,314
176,21
176,449
176,15
176,68
176,44
176,24
176,76
177,305
177,172
177,47
177,459
177,9
177,42
177,341
177,361
177,1211
178,280
178,15
178,961
178,329
178,312
178,146
178,32
178,662
179,29
179,26
179,397
179,249
179,91
179,15
179,1076
179,19
180,15
180,54
180,43
180,490
180,29
180,181
180,289
180,19
181,12
181,106
181,19
181,352
181,98
181,1212
181,35
181,39
181,56
182,74
182,16
182,349
182,24
182,24
182,35
182,14
182,15
182,42
183,304
183,347
183,30
183,24
183,299
183,665
183,46
183,45
184,10
184,5
184,237
184,20
184,39
184,37
184,27
184,360
185,929
185,62
185,181
185,129
185,6
185,130
185,379
185,66
186,36
186,353
186,487
186,35
186,104
186,17
186,9
186,33
186,496
187,555
187,39
187,31
187,329
187,119
187,12
187,20
187,58
188,976
188,113
188,136
188,58
188,33
188,18
188,1431
188,34
189,33
189,27
189,21
189,21
189,64
189,40
189,86
189,145
189,656
190,30
190,103
190,56
190,1045
190,64
191,98
191,1227
191,27
191,35
191,46
192,440
192,25
192,58
192,689
192,14
193,23
193,14
193,1080
193,53
193,114
193,51
194,10
194,919
194,87
194,51
194,314
195,32
195,348
195,364
195,389
195,1229
195,294
196,439
196,644
196,25
196,14
196,103
197,37
197,731
197,43
197,10
197,72
198,28
198,14
198,600
198,117
198,13
199,4
199,474
199,39
199,31
199,27
200,135
200,31
200,40
200,18
200,736
201,191
201,136
201,1335
201,18
201,26
202,22
202,2
202,103
202,466
202,49
203,533
203,20
203,441
203,32
203,41
204,28
204,960
204,49
204,141
204,62
204,294
205,720
205,27
205,123
205,40
205,36
206,18
206,764
206,241
206,21
206,652
206,344
207,359
207,8
207,126
207,11
207,17
208,33
208,41
208,45
208,27
208,36
208,644
208,237
208,1341
208,350
208,579
209,42
209,350
209,31
209,452
209,189
210,116
210,42
210,470
210,41
210,291
210,1207
210,1089
210,454
211,716
211,61
211,28
211,9
212,5
212,982
212,709
212,972
212,1172
213,12
213,214
213,154
213,723
214,23
214,321
214,1229
214,60
215,20
215,659
215,115
215,34
216,23
216,339
216,66
216,31
217,158
217,32
217,73
217,270
218,14
218,76
218,103
218,51
219,132
219,42
219,20
219,24
220,751
220,24
220,33
220,11
221,17
221,22
221,10
221,27
221,55
222,18
222,706
222,537
222,12
223,15
223,15
223,38
223,25
224,15
224,144
224,49
224,317
225,67
225,46
225,38
225,10
226,87
226,27
226,398
226,32
227,24
227,42
227,543
227,44
228,133
228,25
228,49
228,95
229,69
229,46
229,3
229,28
230,23
230,583
230,79
230,42
231,26
231,601
231,326
231,595
232,52
232,493
232,168
232,34
233,44
233,16
233,6
233,46
234,165
234,48
234,22
234,111
235,22
235,28
235,31
235,20
236,146
236,12
236,77
236,35
237,18
237,9
237,34
237,142
238,27
238,44
238,1214
238,115
238,1026
239,15
239,29
239,12
239,293
240,52
240,181
240,43
240,17
241,651
241,727
241,923
241,46
242,16
242,983
242,22
242,25
243,42
243,20
243,28
243,38
244,106
244,14
244,170
244,32
245,29
245,96
245,44
245,20
246,68
246,25
246,15
246,44
247,35
247,252
247,41
247,57
248,118
248,472
248,59
248,30
249,28
249,114
249,97
249,22
249,478
250,718
250,985
250,20
250,119
251,31
251,971
251,14
251,963
251,1216
251,1166
251,1192
252,97
252,11
252,968
252,80
253,23
253,23
253,11
253,29
253,15
253,32
254,81
254,39
254,6
254,4
254,4
254,22
254,42
255,12
255,43
255,111
255,49
255,13
255,1394
256,10
256,11
256,23
256,31
256,563
256,29
257,23
257,42
257,7
257,32
257,54
257,936
258,100
258,126
258,27
258,51
258,140
258,127
258,496
259,76
259,52
259,1016
259,36
259,160
259,39
260,638
260,7
260,92
260,311
260,20
260,326
261,49
261,209
261,26
261,92
261,29
261,43
262,546
262,953
262,1247
262,84
262,89
262,42
263,35
263,1034
263,1378
263,118
263,20
263,69
264,27
264,115
264,53
264,28
264,22
264,50
265,17
265,22
265,36
265,6
265,26
265,66
266,456
266,11
266,56
266,62
266,40
266,52
267,37
267,85
267,15
267,28
267,994
267,569
268,30
268,64
268,107
268,18
268,8
268,15
269,21
269,11
269,72
269,41
269,82
269,68
269,758
270,40
270,64
270,35
270,35
270,645
270,51
271,134
271,345
271,222
271,21
271,26
271,358
272,169
272,310
272,50
272,10
272,17
272,120
273,11
273,21
273,7
273,29
273,349
273,64
274,118
274,2
274,907
274,22
274,80
274,81
275,16
275,31
275,31
275,30
275,30
275,697
276,42
276,208
276,23
277,76
277,47
277,14
278,0
278,704
278,711
279,21
279,16
279,82
280,90
280,46
280,38
281,19
281,135
281,133
281,1338
282,77
282,22
282,23
283,10
283,298
283,965
284,42
284,27
284,726
284,49
284,809
284,324
284,599
284,1086
284,494
284,1211
285,3
285,31
285,28
286,134
286,39
286,777
287,17
287,66
287,987
287,291
287,1207
287,1089
287,454
288,77
288,18
288,34
288,528
289,18
289,214
289,42
290,16
290,21
290,14
290,960
291,52
291,24
291,14
292,347
292,70
292,51
293,19
293,60
293,14
294,22
294,342
294,733
295,728
295,298
295,31
295,1420
295,1212
296,103
296,736
296,73
297,23
297,343
297,35
298,1035
298,44
298,43
299,52
299,21
299,31
300,26
300,21
300,34
300,372
300,59
300,89
300,1290
300,154
300,1146
300,555
300,603
301,3
301,960
301,159
301,24
301,226
301,35
302,12
302,48
302,218
302,41
302,27
302,116
302,1393
303,32
303,246
303,8
303,334
303,21
303,43
304,56
304,69
304,37
304,159
304,192
304,61
305,28
305,11
305,137
305,725
305,224
305,36
306,100
306,32
306,32
306,28
306,163
306,73
306,453
307,33
307,40
307,34
307,152
307,10
307,24
307,1338
308,1156
308,646
308,18
308,244
308,246
308,43
309,32
309,34
309,890
309,665
309,3
309,26
310,85
310,342
310,12
310,38
310,33
310,104
311,17
311,298
311,6
311,73
311,64
311,20
312,65
312,26
312,133
312,1421
312,76
312,19
312,1059
312,594
312,670
312,1366
313,17
313,69
313,18
313,772
313,6
313,16
314,94
314,51
314,30
314,9
314,22
314,118
315,289
315,49
315,23
315,622
315,182
315,15
316,1362
316,967
316,34
316,54
316,9
316,59
316,143
316,1406
316,711
317,18
317,23
317,31
317,16
317,37
317,11
318,15
318,111
318,387
318,57
318,108
318,94
319,662
319,621
319,231
319,1062
319,6
319,28
320,41
320,4
320,26
320,103
320,70
320,6
321,39
321,35
321,27
321,54
321,33
321,78
322,35
322,91
322,13
322,31
322,22
322,53
322,210
322,287
322,1399
323,7
323,7
323,23
323,55
323,17
323,118
324,30
324,538
324,238
324,27
324,32
324,20
325,181
325,6
325,47
325,33
326,34
326,22
326,101
326,1162
327,99
327,8
327,98
327,154
328,65
328,38
328,62
328,27
329,1031
329,19
329,173
329,152
330,26
330,21
330,19
330,367
331,28
331,378
331,88
331,472
331,641
332,1224
332,54
332,35
332,125
333,324
333,9
333,119
333,7
334,31
334,325
334,47
334,18
335,74
335,55
335,33
335,314
336,357
336,35
336,153
336,59
337,280
337,45
337,221
337,50
337,1216
337,1166
337,1192
338,18
338,18
338,236
338,340
339,32
339,18
339,12
339,14
340,53
340,35
340,47
340,20
340,1424
341,170
341,1434
341,103
341,24
342,29
342,886
342,20
342,16
343,334
343,966
343,99
343,44
343,805
344,25
344,235
344,57
344,39
344,1059
344,594
344,670
344,1366
344,1049
344,1032
344,258
344,701
344,186
345,70
345,1337
345,566
345,979
346,492
346,287
346,11
346,593
346,643
346,590
346,136
347,99
347,12
347,84
347,48
348,354
348,60
348,654
348,56
348,79
349,32
349,92
349,64
349,33
350,17
350,11
350,29
350,1009
351,13
351,10
351,957
351,141
351,29
351,490
352,23
352,127
352,17
352,332
352,6
352,651
353,13
353,45
353,11
353,30
353,22
353,332
354,6
354,544
354,41
354,23
354,33
354,52
354,809
355,888
355,19
355,49
355,52
355,15
355,48
356,1231
356,1185
356,79
356,26
356,1442
356,22
357,150
357,169
357,47
357,20
357,42
357,55
357,55
358,17
358,29
358,10
358,53
358,967
358,28
359,1404
359,45
359,34
359,31
359,19
359,49
359,727
360,94
360,58
360,123
360,151
360,16
360,6
361,72
361,330
361,260
361,124
361,45
361,1392
361,1184
361,576
361,891
361,1006
362,23
362,35
362,404
362,189
362,22
362,28
363,53
363,35
363,35
363,117
363,59
363,712
364,49
364,594
364,75
364,617
364,174
364,232
365,655
365,64
365,949
365,121
365,71
365,299
366,1387
366,14
366,15
366,291
366,61
366,1008
367,32
367,6
367,10
367,189
367,24
367,722
368,5
368,128
368,140
368,36
368,1363
368,34
368,708
368,268
368,630
368,62
368,347
368,679
369,341
369,6
369,963
369,106
369,33
369,35
370,36
370,44
370,146
370,22
370,145
370,11
371,587
371,15
371,68
371,89
371,28
371,32
371,39
372,58
372,1258
372,979
372,67
372,16
372,35
373,39
373,69
373,298
373,9
373,75
373,49
374,105
374,108
374,19
374,19
374,1092
374,43
375,16
375,3
375,142
375,97
375,311
375,23
376,171
376,19
376,1037
376,25
376,8
376,13
376,109
377,26
377,26
377,140
377,19
377,454
377,37
378,31
378,34
378,87
378,1092
379,1046
379,3
380,42
380,58
381,100
381,75
382,26
382,72
383,22
383,27
383,1393
384,49
384,110
384,507
385,71
385,122
386,188
386,774
387,30
387,93
388,27
388,9
389,32
389,31
390,80
390,970
391,36
391,65
392,64
392,42
393,23
393,6
394,11
394,60
394,1099
395,162
395,34
395,76
396,948
396,39
397,52
397,52
398,105
398,306
398,528
399,703
399,35
400,29
400,333
401,137
401,29
402,30
402,115
403,12
403,10
404,36
404,25
405,154
405,145
406,61
406,77
406,34
406,11
407,16
407,346
407,5
407,14
408,93
408,57
408,79
408,13
409,243
409,230
409,51
409,23
410,82
410,141
410,44
410,128
410,2
410,1317
410,346
411,76
411,290
411,245
411,29
412,123
412,12
412,5
412,49
413,117
413,773
413,45
413,26
414,119
414,375
414,16
414,32
414,56
415,57
415,16
415,28
415,236
416,34
416,39
416,80
416,10
417,81
417,9
417,14
417,5
418,695
418,20
418,52
418,21
419,42
419,71
419,25
419,98
420,530
420,22
420,10
420,315
421,27
421,31
421,37
421,12
422,6
422,955
422,733
422,31
423,6
423,75
423,42
423,20
424,148
424,86
424,234
424,18
425,100
425,57
425,29
425,22
425,1077
426,326
426,73
426,32
426,1221
427,12
427,7
427,17
427,48
428,14
428,104
428,300
428,49
429,1216
429,56
429,75
429,36
430,18
430,41
430,12
430,57
431,32
431,96
431,37
431,466
431,72
432,26
432,35
432,753
432,128
433,97
433,23
433,1222
433,49
434,707
434,31
434,49
434,59
435,117
435,36
435,993
435,937
435,102
435,355
435,635
436,28
436,18
436,1408
436,4
436,9
436,61
436,914
437,15
437,13
437,984
437,304
437,12
437,21
437,117
438,114
438,111
438,33
438,1411
438,403
438,458
438,29
439,3
439,46
439,31
439,20
439,681
439,343
439,38
440,652
440,4
440,24
440,200
440,150
440,27
440,70
440,103
441,30
441,707
441,55
441,12
441,36
441,120
441,45
442,31
442,169
442,28
442,234
442,34
442,16
442,1247
443,108
443,45
443,15
443,32
443,19
443,72
443,318
444,16
444,24
444,4
444,37
444,21
444,23
444,330
445,8
445,41
445,194
445,197
445,25
445,69
445,40
446,25
446,98
446,51
446,126
446,1211
446,8
446,30
446,343
447,734
447,28
447,28
447,70
447,1399
447,42
447,179
448,9
448,607
448,29
448,59
448,116
448,124
448,40
448,272
448,854
448,729
448,1001
448,562
449,115
449,602
449,6
449,30
449,9
449,377
449,1054
450,344
450,147
450,66
450,35
450,40
450,12
450,27
451,769
451,27
451,27
451,247
451,983
451,11
451,190
452,154
452,346
452,46
452,13
452,56
452,29
452,143
452,678
452,1266
453,28
453,17
453,101
453,125
453,320
453,92
453,331
453,254
454,285
454,90
454,250
454,177
454,276
454,716
454,11
455,87
455,31
455,32
455,80
455,375
455,39
455,112
456,62
456,25
456,30
456,168
456,28
456,28
456,183
456,87
457,130
457,21
457,23
457,3
457,16
457,16
457,453
458,29
458,20
458,31
458,19
458,80
458,80
458,1366
459,106
459,130
459,23
459,11
459,43
459,12
459,31
460,731
460,41
460,39
460,24
460,57
460,54
460,316
461,35
461,660
461,222
461,8
461,19
461,76
461,343
462,129
462,36
462,315
462,56
462,8
462,10
462,44
463,956
463,13
463,94
463,21
463,1244
463,72
463,930
464,28
464,145
464,34
464,73
464,53
464,15
464,606
466,1059
470,786
472,782
473,832
478,976
483,714
483,479
483,360
489,1218
489,1009
489,1294
489,475
492,272
492,854
492,729
492,1001
492,562
496,108
497,342
498,35
499,291
499,679
500,15
501,35
502,27
503,98
504,1255
505,371
506,20
507,225
507,290
508,13
509,1011
509,1290
509,154
509,1146
509,555
509,603
510,92
511,67
512,112
512,498
512,424
512,463
513,33
513,87
514,23
515,49
516,17
516,51
517,988
518,950
518,1184
518,797
518,676
518,603
519,86
520,25
521,100
522,32
523,56
524,18
525,62
526,339
527,37
528,20
528,28
528,65
528,6
529,491
529,17
529,320
529,29
530,28
530,24
530,18
530,979
530,1019
531,58
531,56
531,155
531,3
532,14
532,21
532,159
532,369
533,339
533,64
533,104
533,66
534,86
534,18
534,59
534,39
535,43
535,172
535,88
535,11
535,668
536,62
536,44
536,592
536,19
537,71
537,16
537,336
537,18
538,65
538,57
538,50
538,20
539,40
539,23
539,89
539,18
540,25
540,26
540,132
540,169
541,34
541,49
541,46
541,127
542,80
542,382
542,17
542,19
543,74
543,1178
543,1395
543,75
544,34
544,11
544,13
544,155
545,541
545,22
545,116
545,83
546,30
546,95
546,1243
546,150
546,771
547,75
547,59
547,53
547,79
548,19
548,60
548,34
548,46
549,734
549,130
549,23
549,987
550,327
550,19
550,53
550,20
551,32
551,1027
551,91
551,29
551,714
551,479
551,360
552,59
552,980
552,64
552,201
553,77
553,12
553,8
553,3
554,277
554,494
554,764
554,99
555,444
555,1348
555,350
555,39
556,20
556,118
556,67
556,64
557,144
557,179
557,76
557,481
558,306
558,9
558,116
558,25
559,86
559,12
559,954
559,41
560,40
560,33
560,9
560,20
566,1228
568,1228
573,87
574,1043
579,109
585,528
593,450
593,960
593,351
595,13
596,29
597,25
598,21
599,45
600,76
601,23
601,809
601,324
601,599
601,1086
601,494
602,35
603,25
603,1243
604,62
605,133
606,547
607,574
608,282
609,244
610,108
611,36
611,43
612,11
613,991
614,1250
615,102
616,36
616,1313
617,84
618,35
619,14
619,73
620,990
621,41
622,93
623,154
624,367
625,8
626,294
627,1
628,198
629,165
629,1211
630,31
630,24
630,20
631,48
631,129
631,53
632,6
632,16
632,23
633,35
633,14
633,2
634,680
634,29
634,1389
635,43
635,29
635,66
636,54
636,131
636,154
636,626
637,47
637,47
637,20
638,494
638,1319
638,229
639,869
639,969
639,897
640,977
640,72
640,67
641,106
641,15
641,75
641,425
642,735
642,103
642,770
643,28
643,50
643,102
644,331
644,95
644,70
645,75
645,1039
645,187
646,20
646,109
646,1358
647,55
647,1000
647,41
648,32
648,376
648,331
649,34
649,64
649,717
650,20
650,33
650,29
651,23
651,107
651,11
652,3
652,25
652,12
653,48
653,52
653,52
654,22
654,354
654,484
655,632
655,759
655,68
655,91
656,219
656,157
656,42
656,768
657,17
657,926
657,78
658,9
658,23
658,700
658,1290
658,154
658,1146
658,555
658,603
659,737
659,106
659,769
660,3
660,16
660,12
661,26
661,116
661,148
662,11
662,740
662,1356
662,861
663,166
663,12
663,19
664,71
664,48
664,12
664,678
664,1266
665,14
665,20
665,657
665,686
666,1288
668,605
668,92
668,36
675,528
676,1243
676,709
677,1426
678,465
678,1249
678,295
679,387
679,691
679,1132
684,845
684,987
684,473
684,257
684,886
686,785
695,1073
701,496
703,498
703,424
703,463
709,809
709,324
709,599
709,1086
709,494
709,382
709,1352
709,317
711,215
714,1230
715,129
716,758
734,39
739,1314
739,1445
739,772
741,95
741,6
741,99
742,24
742,5
742,107
742,73
743,1241
743,25
743,22
744,35
744,193
744,97
745,138
745,20
745,122
746,306
746,8
746,17
747,235
747,34
747,10
748,97
748,33
748,6
749,593
749,169
749,693
750,147
750,10
750,701
751,21
751,182
751,25
752,79
752,1353
752,22
753,80
753,23
753,148
753,644
753,237
753,1341
753,350
753,579
754,46
754,12
754,467
754,727
755,14
755,7
755,307
756,57
756,112
756,1177
757,585
757,6
757,30
757,87
758,1017
758,146
758,1051
758,491
758,57
758,373
758,483
759,13
759,565
759,48
759,708
759,268
759,630
759,62
759,347
760,16
760,97
760,90
761,9
761,26
761,35
762,240
762,37
762,47
763,16
763,101
763,104
763,684
763,952
763,64
764,284
764,18
764,12
765,65
765,328
765,39
766,26
766,57
766,476
767,6
767,240
767,55
767,1393
768,30
768,33
768,21
768,212
769,1189
769,463
769,33
770,43
770,114
770,26
771,74
771,8
771,95
771,1049
772,137
772,19
772,52
772,183
772,936
772,151
772,459
773,342
773,22
773,45
774,18
774,17
774,27
775,696
775,35
775,355
775,272
775,854
775,729
775,1001
775,562
776,11
776,15
776,963
777,12
777,52
777,535
778,43
778,189
778,6
778,215
779,30
779,219
779,12
780,1254
781,646
782,632
782,182
783,66
784,65
785,1436
785,145
786,111
786,921
787,24
788,59
789,30
790,24
791,462
792,30
793,163
794,282
795,552
796,1006
796,914
796,195
796,204
796,1277
796,1148
796,171
797,12
797,1243
798,545
799,63
800,13
801,107
802,28
803,210
804,103
804,91
804,2
804,1317
804,346
805,131
806,11
807,13
808,23
808,1059
809,909
810,329
811,23
812,1253
813,6
814,44
815,36
815,1393
816,23
817,650
818,13
819,121
820,21
820,183
820,1232
821,39
821,16
821,73
822,13
822,29
822,92
823,31
823,118
823,20
824,24
824,120
824,10
824,354
825,22
825,15
825,251
826,48
826,34
826,22
827,170
827,34
827,53
828,16
828,19
828,12
829,53
829,124
829,51
830,954
830,1022
830,20
831,59
831,36
831,29
832,159
832,551
832,108
832,15
833,23
833,32
833,125
834,77
834,37
834,631
835,278
835,975
835,127
835,284
835,1290
835,154
835,1146
835,555
835,603
836,216
836,38
836,28
837,26
837,237
837,217
838,87
838,6
838,33
839,732
839,313
839,21
839,668
840,22
840,3
840,64
841,284
841,41
841,34
842,31
842,54
842,167
842,91
842,361
842,1414
843,44
843,49
843,97
844,91
844,776
844,46
845,614
845,44
845,1
846,31
846,345
846,134
847,316
847,15
847,37
848,209
848,43
848,62
849,13
849,22
849,532
849,1006
850,131
850,117
850,18
850,679
851,1034
851,24
851,86
851,210
851,287
851,1399
852,12
852,168
852,142
853,13
853,22
853,38
854,38
854,120
854,43
855,13
855,232
855,483
855,835
856,1340
856,26
856,333
857,44
857,337
857,132
858,461
858,125
858,7
858,72
859,138
859,14
859,25
859,97
860,1082
860,14
860,305
861,54
861,36
861,24
861,66
862,34
863,32
864,138
865,60
866,347
867,47
868,51
868,1134
869,75
870,33
871,179
872,51
873,63
874,29
875,26
876,87
877,2
878,40
879,90
880,33
881,25
882,15
882,39
883,1166
883,56
884,144
885,26
886,51
886,1231
887,28
888,28
889,46
890,88
891,34
892,582
892,56
893,464
893,1290
893,154
893,1146
893,555
893,603
894,709
895,20
896,19
897,446
898,69
899,574
900,531
901,340
902,54
903,38
904,64
905,49
906,306
907,390
908,16
909,72
910,32
911,27
912,23
913,41
914,18
914,294
915,87
915,684
915,952
915,64
916,42
916,1099
917,19
918,125
918,51
919,147
919,55
920,88
921,18
921,340
922,349
922,708
922,268
922,630
922,62
922,347
923,1056
924,230
925,38
926,65
927,86
928,23
929,39
930,72
930,105
931,187
932,152
933,37
933,1099
934,12
935,23
936,40
937,67
938,3
939,43
940,227
940,230
941,32
942,961
943,62
944,961
945,64
946,26
947,25
948,1338
949,989
949,809
949,324
949,599
949,1086
949,494
949,210
949,287
949,1399
950,66
951,4
951,26
952,32
952,40
952,845
952,987
952,473
952,257
953,32
953,43
954,1049
954,778
955,365
955,102
956,978
956,72
957,969
957,31
958,47
958,27
959,33
959,76
960,35
960,605
960,1340
961,6
961,129
961,1228
962,67
962,371
963,16
963,762
964,55
964,31
965,573
965,54
966,103
966,14
966,72
967,1406
967,924
968,51
968,43
969,33
969,109
970,999
970,28
971,757
971,369
972,28
972,105
973,36
973,27
973,824
974,1097
974,710
975,60
975,339
976,33
976,31
976,1420
977,1367
977,86
978,66
978,159
979,64
979,347
980,18
980,52
980,995
981,676
981,41
982,161
982,170
983,301
983,66
984,55
984,715
985,21
985,302
986,13
986,42
987,90
987,39
987,1059
988,27
988,22
989,39
989,34
990,64
990,75
991,91
991,27
992,8
992,11
993,12
993,28
993,1099
994,13
994,12
994,2
994,1317
994,346
995,35
995,157
995,677
996,23
996,6
996,1393
997,14
997,28
998,24
998,9
999,885
999,19
1000,19
1000,271
1001,166
1001,12
1002,18
1002,56
1002,489
1003,35
1003,25
1003,472
1004,87
1004,4
1004,489
1005,26
1005,47
1006,975
1006,23
1006,587
1006,520
1007,33
1007,1083
1007,384
1008,9
1008,23
1008,288
1008,398
1008,585
1008,675
1008,1015
1008,1269
1009,26
1009,178
1010,97
1010,8
1011,29
1011,8
1012,25
1012,208
1012,272
1012,854
1012,729
1012,1001
1012,562
1013,50
1013,44
1014,312
1014,1040
1015,88
1015,39
1015,528
1016,113
1016,370
1016,39
1016,25
1017,29
1017,18
1018,9
1018,1
1019,26
1019,56
1019,158
1020,97
1020,12
1021,5
1021,21
1022,195
1022,245
1023,50
1023,33
1024,168
1024,39
1025,7
1025,61
1026,44
1026,87
1026,206
1027,28
1027,73
1028,38
1028,207
1029,79
1029,1005
1030,88
1030,1426
1031,129
1031,1433
1032,61
1032,27
1032,496
1033,265
1033,280
1033,868
1034,47
1034,288
1034,156
1035,69
1035,356
1036,21
1036,974
1036,73
1037,19
1037,17
1038,45
1038,20
1039,21
1039,134
1040,633
1040,154
1041,55
1041,30
1042,320
1042,7
1043,13
1043,27
1043,75
1044,67
1044,47
1045,35
1045,6
1046,16
1046,354
1049,652
1049,496
1053,758
1056,348
1058,55
1059,583
1059,928
1059,124
1059,1046
1069,855
1073,509
1073,1125
1073,526
1077,662
1077,1338
1090,715
1091,714
1091,479
1091,360
1092,1003
1099,43
1100,50
1101,26
1102,10
1102,63
1102,279
1102,77
1102,687
1103,16
1104,98
1105,32
1106,4
1107,62
1107,73
1107,489
1108,18
1108,1309
1109,12
1110,49
1110,73
1111,241
1112,69
1112,56
1113,13
1113,709
1114,15
1115,112
1116,20
1117,34
1118,87
1119,23
1120,11
1121,269
1122,1381
1123,144
1124,36
1125,24
1126,570
1127,12
1127,238
1128,246
1128,450
1128,960
1128,351
1129,89
1129,668
1130,166
1130,1056
1131,633
1132,29
1132,980
1133,973
1134,29
1134,546
1135,1157
1136,664
1137,248
1138,341
1139,23
1140,232
1141,30
1142,161
1143,357
1144,26
1145,557
1146,879
1147,17
1148,83
1148,294
1149,15
1150,643
1151,31
1152,10
1152,49
1153,36
1153,966
1154,43
1154,141
1155,43
1155,90
1156,30
1156,8
1157,31
1157,72
1158,147
1158,639
1159,18
1159,10
1160,90
1160,170
1161,40
1161,43
1162,173
1162,50
1163,66
1163,135
1164,52
1164,124
1165,25
1165,41
1166,30
1166,19
1167,65
1167,637
1168,17
1168,195
1169,711
1169,37
1170,13
1170,13
1171,399
1171,36
1172,42
1172,95
1173,22
1173,20
1174,21
1174,119
1175,884
1175,668
1176,63
1176,116
1176,302
1176,815
1176,767
1176,383
1176,122
1176,1234
1176,996
1177,31
1177,33
1178,151
1178,1217
1178,629
1178,177
1178,284
1178,7
1179,747
1179,16
1180,57
1180,37
1181,44
1181,53
1182,9
1182,22
1183,109
1183,50
1184,34
1184,3
1184,1243
1185,32
1185,32
1185,56
1186,1418
1186,365
1187,210
1187,34
1188,1026
1188,16
1188,684
1188,952
1188,64
1189,23
1189,41
1190,710
1190,41
1191,26
1191,13
1192,9
1192,30
1193,70
1193,1225
1193,473
1194,67
1194,143
1194,130
1194,359
1194,26
1194,754
1195,32
1195,13
1196,53
1196,23
1197,213
1197,86
1198,69
1198,148
1199,87
1199,219
1200,26
1200,122
1201,16
1201,149
1202,23
1202,26
1203,1240
1203,43
1203,109
1204,19
1204,7
1205,22
1205,33
1207,1228
1219,73
1227,708
1227,268
1227,630
1227,62
1227,347
1227,344
1227,312
1230,1423
1231,147
1234,1393
1235,51
1249,91
1255,644
1255,237
1255,1341
1255,350
1255,579
1261,332
1261,1033
1262,24
1263,15
1264,113
1265,102
1266,29
1266,440
1266,465
1266,1249
1267,655
1267,73
1268,371
1268,489
1269,16
1269,528
1270,37
1271,34
1272,34
1273,40
1274,340
1275,10
1276,115
1277,50
1277,294
1278,12
1279,10
1280,577
1281,11
1281,72
1282,41
1282,516
1282,956
1282,332
1283,16
1284,24
1285,1225
1285,56
1286,30
1287,28
1287,1282
1288,43
1288,21
1289,31
1290,24
1291,586
1292,465
1292,11
1293,159
1294,74
1295,1409
1295,67
1296,13
1297,213
1298,1343
1298,684
1299,54
1300,84
1301,201
1302,40
1303,27
1304,115
1305,316
1306,549
1307,386
1308,86
1309,15
1309,1389
1310,83
1311,187
1312,43
1313,32
1313,1130
1314,125
1314,183
1314,936
1314,151
1314,459
1314,1099
1315,31
1316,32
1316,72
1317,459
1317,643
1317,590
1317,136
1318,342
1318,1314
1318,1445
1318,772
1319,24
1320,1237
1321,22
1322,35
1323,25
1324,28
1325,29
1326,29
1327,33
1328,19
1329,109
1330,317
1331,236
1332,33
1333,11
1334,200
1335,34
1336,19
1336,87
1337,42
1338,18
1338,1258
1338,1187
1338,503
1339,29
1340,310
1340,611
1341,1322
1341,76
1342,1372
1343,160
1344,215
1345,130
1346,39
1347,193
1348,27
1349,11
1350,6
1351,109
1351,1090
1352,104
1352,279
1352,77
1352,687
1353,13
1354,93
1355,245
1356,56
1357,1169
1358,34
1359,135
1360,149
1361,11
1362,55
1363,703
1364,28
1365,61
1365,1059
1366,17
1367,435
1368,50
1369,27
1369,940
1370,2
1371,714
1372,114
1373,641
1374,659
1375,87
1376,24
1377,165
1378,23
1378,97
1379,20
1380,27
1381,41
1381,361
1381,1414
1382,41
1383,84
1384,42
1385,25
1386,13
1387,103
1388,54
1389,759
1389,306
1390,17
1391,366
1391,76
1391,1261
1392,33
1393,20
1394,444
1395,982
1396,119
1397,59
1398,8
1399,51
1399,291
1399,1207
1399,1089
1399,454
1400,36
1400,51
1401,378
1402,609
1403,11
1404,41
1405,13
1406,58
1406,215
1407,40
1408,57
1409,82
1410,11
1411,28
1412,106
1413,47
1414,751
1414,1184
1414,576
1414,891
1415,63
1416,105
1417,20
1418,94
1419,33
1420,53
1420,1314
1420,1445
1420,772
1420,1127
1421,30
1422,120
1423,233
1423,189
1424,29
1424,76
1424,709
1425,35
1426,71
1426,666
1426,1216
1426,1166
1426,1192
1427,74
1428,57
1429,126
1430,86
1431,25
1432,21
1433,167
1434,31
1435,71
1436,64
1437,43
1437,73
1438,17
1439,88
1440,28
1441,14
1442,22
1443,403
1444,31
1445,137
1445,183
1445,936
1445,151
1445,459
